pre_holding_cost,pre_backlog_cost,pre_system_cost,pre_profit_psc,pre_fill_hc1,pre_fill_hc2,pre_fill_agg,pre_fill_dispersion,pre_lost_u,during_holding_cost,during_backlog_cost,during_system_cost,during_profit_psc,during_fill_hc1,during_fill_hc2,during_fill_agg,during_fill_dispersion,during_lost_u,post_holding_cost,post_backlog_cost,post_system_cost,post_profit_psc,post_fill_hc1,post_fill_hc2,post_fill_agg,post_fill_dispersion,post_lost_u,episode_holding_cost,episode_backlog_cost,episode_system_cost,episode_profit_psc,episode_fill_hc1,episode_fill_hc2,episode_fill_agg,episode_fill_dispersion,episode_lost_u,peak_backlog_ds1,peak_backlog_ds2,peak_backlog_system,aub_ds1_during_post,ttr_ds1,rule,seed
17357.0,150.0,17507.0,158193.0,1.0,1.0,1.0,0.0,0,5591.0,955860.0,961451.0,-780276.0,1.0,1.0,1.0,0.0,0,135374.0,123500.0,258874.0,249351.0,1.0,1.0,1.0,0.0,0,158322.0,1079510.0,1237832.0,-372732.0,1.0,1.0,1.0,0.0,0,1012.0,576.0,2905.0,34007.0,7,proportional,11
16261.0,690.0,16951.0,159079.0,1.0,1.0,1.0,0.0,0,6153.0,947840.0,953993.0,-774003.0,1.0,1.0,1.0,0.0,0,134029.0,122180.0,256209.0,252651.0,1.0,1.0,1.0,0.0,0,156443.0,1070710.0,1227153.0,-362273.0,1.0,1.0,1.0,0.0,0,1007.0,580.0,2917.0,33972.0,7,proportional,12
15856.0,440.0,16296.0,161414.0,1.0,1.0,1.0,0.0,0,5820.0,939860.0,945680.0,-766285.0,1.0,1.0,1.0,0.0,0,133528.0,119940.0,253468.0,253362.0,1.0,1.0,1.0,0.0,0,155204.0,1060240.0,1215444.0,-351509.0,1.0,1.0,1.0,0.0,0,1003.0,558.0,2873.0,33646.0,7,proportional,13
16002.0,570.0,16572.0,158828.0,1.0,1.0,1.0,0.0,0,5439.0,944980.0,950419.0,-770264.0,1.0,1.0,1.0,0.0,0,136239.0,118480.0,254719.0,254461.0,1.0,1.0,1.0,0.0,0,157680.0,1064030.0,1221710.0,-356975.0,1.0,1.0,1.0,0.0,0,998.0,554.0,2853.0,33383.0,7,proportional,14
16815.0,380.0,17195.0,158770.0,0.9994972347913524,1.0,0.9997494571571739,-0.0005027652086475598,0,6193.0,968440.0,974633.0,-793178.0,1.0005210142410559,1.0,1.000259965337955,0.0005210142410558838,0,135162.0,120150.0,255312.0,253133.0,1.0,1.0,1.0,0.0,0,158170.0,1088970.0,1247140.0,-381275.0,1.0,1.0,1.0,0.0,0,1016.0,583.0,2978.0,34379.0,7,proportional,15
16781.0,320.0,17101.0,157874.0,1.0,1.0,1.0,0.0,0,5581.0,939180.0,944761.0,-765201.0,1.0,1.0,1.0,0.0,0,133044.0,120400.0,253444.0,255511.0,1.0,1.0,1.0,0.0,0,155406.0,1059900.0,1215306.0,-351816.0,1.0,1.0,1.0,0.0,0,1001.0,562.0,2848.0,33602.0,7,proportional,16
16303.0,170.0,16473.0,158767.0,1.0,1.0,1.0,0.0,0,5838.0,962320.0,968158.0,-786183.0,1.0,1.0,1.0,0.0,0,136417.0,121150.0,257567.0,248783.0,1.0,1.0,1.0,0.0,0,158558.0,1083640.0,1242198.0,-378633.0,1.0,1.0,1.0,0.0,0,1008.0,590.0,2954.0,34036.0,7,proportional,17
16447.0,990.0,17437.0,158403.0,1.0,1.0,1.0,0.0,0,5850.0,945710.0,951560.0,-771515.0,1.0,1.0,1.0,0.0,0,133676.0,124770.0,258446.0,249789.0,1.0,1.0,1.0,0.0,0,155973.0,1071470.0,1227443.0,-363323.0,1.0,1.0,1.0,0.0,0,1007.0,545.0,2828.0,34029.0,7,proportional,18
16508.0,340.0,16848.0,159017.0,1.0,1.0,1.0,0.0,0,5986.0,944840.0,950826.0,-770411.0,1.0,1.0,1.0,0.0,0,135060.0,118410.0,253470.0,253080.0,1.0,1.0,1.0,0.0,0,157554.0,1063590.0,1221144.0,-358314.0,1.0,1.0,1.0,0.0,0,998.0,577.0,2895.0,33660.0,7,proportional,19
16209.0,630.0,16839.0,160706.0,1.0,1.0,1.0,0.0,0,6046.0,944640.0,950686.0,-769686.0,1.0,1.0,1.0,0.0,0,134697.0,121830.0,256527.0,250973.0,1.0,1.0,1.0,0.0,0,156952.0,1067100.0,1224052.0,-358007.0,1.0,1.0,1.0,0.0,0,1003.0,576.0,2913.0,33749.0,7,proportional,20
16919.0,790.0,17709.0,158606.0,1.0,1.0,1.0,0.0,0,6538.0,944200.0,950738.0,-771593.0,1.0,1.0,1.0,0.0,0,132035.0,119160.0,251195.0,255760.0,1.0,1.0,1.0,0.0,0,155492.0,1064150.0,1219642.0,-357227.0,1.0,1.0,1.0,0.0,0,1001.0,572.0,2898.0,33985.0,7,proportional,21
16920.0,260.0,17180.0,160230.0,1.0,0.9996685998342999,0.9998343273691186,0.000331400165700102,0,6259.0,946400.0,952659.0,-772474.0,1.0,1.000346680533888,1.0001741705129321,-0.0003466805338880885,0,133897.0,121110.0,255007.0,251928.0,0.999708862233609,1.0,0.9998543038638615,-0.0002911377663910031,0,157076.0,1067770.0,1224846.0,-360316.0,0.9998271391529818,1.0,0.9999136039258376,-0.00017286084701817472,0,1009.0,560.0,2890.0,33909.0,7,proportional,22
17149.0,180.0,17329.0,158026.0,1.0,1.0,1.0,0.0,0,5703.0,941450.0,947153.0,-766883.0,1.0,1.0,1.0,0.0,0,134473.0,121340.0,255813.0,251127.0,1.0,1.0,1.0,0.0,0,157325.0,1062970.0,1220295.0,-357730.0,1.0,1.0,1.0,0.0,0,998.0,574.0,2896.0,33498.0,7,proportional,23
16931.0,220.0,17151.0,158029.0,1.0,1.0,1.0,0.0,0,5756.0,955380.0,961136.0,-779766.0,1.0,1.0,1.0,0.0,0,134289.0,119140.0,253429.0,255996.0,1.0,1.0,1.0,0.0,0,156976.0,1074740.0,1231716.0,-365741.0,1.0,1.0,1.0,0.0,0,1004.0,575.0,2880.0,33579.0,7,proportional,24
16225.0,300.0,16525.0,160015.0,1.0,1.0,1.0,0.0,0,6175.0,930300.0,936475.0,-757355.0,1.0,1.0,1.0,0.0,0,134027.0,120010.0,254037.0,255363.0,1.0,1.0,1.0,0.0,0,156427.0,1050610.0,1207037.0,-341977.0,1.0,1.0,1.0,0.0,0,996.0,556.0,2800.0,33396.0,7,proportional,25
16751.0,290.0,17041.0,158969.0,1.0,1.0,1.0,0.0,0,5739.0,939110.0,944849.0,-766009.0,1.0,1.0,1.0,0.0,0,134116.0,120420.0,254536.0,254999.0,1.0,1.0,1.0,0.0,0,156606.0,1059820.0,1216426.0,-352041.0,1.0,1.0,1.0,0.0,0,999.0,569.0,2907.0,33467.0,7,proportional,26
16580.0,660.0,17240.0,158290.0,0.9988344988344988,1.0,0.9994141769185706,-0.0011655011655011815,0,5645.0,931950.0,937595.0,-758390.0,1.0012237762237761,1.0,1.0006116742397764,0.0012237762237761185,0,132861.0,121460.0,254321.0,255239.0,1.0,1.0,1.0,0.0,0,155086.0,1054070.0,1209156.0,-344861.0,1.0,1.0,1.0,0.0,0,991.0,573.0,2834.0,33411.0,7,proportional,27
16963.0,110.0,17073.0,158382.0,1.0,1.0,1.0,0.0,0,5447.0,950690.0,956137.0,-775652.0,1.0,1.0,1.0,0.0,0,135746.0,121200.0,256946.0,251659.0,1.0,1.0,1.0,0.0,0,158156.0,1072000.0,1230156.0,-365611.0,1.0,1.0,1.0,0.0,0,999.0,559.0,2906.0,33668.0,7,proportional,28
16523.0,590.0,17113.0,158507.0,1.0,1.0,1.0,0.0,0,5963.0,960570.0,966533.0,-785548.0,1.0,1.0,1.0,0.0,0,136338.0,121840.0,258178.0,249967.0,1.0,1.0,1.0,0.0,0,158824.0,1083000.0,1241824.0,-377074.0,1.0,1.0,1.0,0.0,0,1012.0,599.0,2975.0,34080.0,7,proportional,29
16634.0,690.0,17324.0,158421.0,1.0,1.0,1.0,0.0,0,6382.0,973130.0,979512.0,-797782.0,1.0,1.0,1.0,0.0,0,136853.0,119880.0,256733.0,250072.0,1.0,1.0,1.0,0.0,0,159869.0,1093700.0,1253569.0,-389289.0,1.0,1.0,1.0,0.0,0,1019.0,596.0,2977.0,34489.0,7,proportional,30
17415.0,150.0,17565.0,158135.0,1.0,1.0,1.0,0.0,0,5558.0,954900.0,960458.0,-779278.0,1.0,1.0,1.0,0.0,0,135760.0,124580.0,260340.0,247970.0,1.0,1.0,1.0,0.0,0,158733.0,1079630.0,1238363.0,-373173.0,1.0,1.0,1.0,0.0,0,1010.0,566.0,2902.0,34015.0,7,equal,11
16381.0,690.0,17071.0,158959.0,1.0,1.0,1.0,0.0,0,6131.0,948200.0,954331.0,-774336.0,1.0,1.0,1.0,0.0,0,134893.0,122480.0,257373.0,251667.0,1.0,1.0,1.0,0.0,0,157405.0,1071370.0,1228775.0,-363710.0,1.0,1.0,1.0,0.0,0,1006.0,579.0,2915.0,34015.0,7,equal,12
15976.0,480.0,16456.0,161264.0,1.0,1.0,1.0,0.0,0,5858.0,938390.0,944248.0,-764858.0,1.0,1.0,1.0,0.0,0,133929.0,119630.0,253559.0,253241.0,1.0,1.0,1.0,0.0,0,155763.0,1058500.0,1214263.0,-350353.0,1.0,1.0,1.0,0.0,0,1002.0,559.0,2874.0,33552.0,7,equal,13
16062.0,570.0,16632.0,158768.0,1.0,1.0,1.0,0.0,0,5353.0,941440.0,946793.0,-766758.0,1.0,1.0,1.0,0.0,0,136948.0,119890.0,256838.0,252482.0,1.0,1.0,1.0,0.0,0,158363.0,1061900.0,1220263.0,-355508.0,1.0,1.0,1.0,0.0,0,995.0,559.0,2838.0,33275.0,7,equal,14
16953.0,400.0,17353.0,158622.0,0.9994972347913524,1.0,0.9997494571571739,-0.0005027652086475598,0,6156.0,961360.0,967516.0,-786246.0,1.0005210142410559,1.0,1.000259965337955,0.0005210142410558838,0,134890.0,118960.0,253850.0,254755.0,1.0,1.0,1.0,0.0,0,157999.0,1080720.0,1238719.0,-372869.0,1.0,1.0,1.0,0.0,0,1012.0,587.0,2969.0,34075.0,7,equal,15
16767.0,320.0,17087.0,157868.0,1.0,1.0,1.0,0.0,0,5651.0,942080.0,947731.0,-768121.0,1.0,1.0,1.0,0.0,0,133195.0,120270.0,253465.0,255425.0,1.0,1.0,1.0,0.0,0,155613.0,1062670.0,1218283.0,-354828.0,1.0,1.0,1.0,0.0,0,999.0,573.0,2856.0,33640.0,7,equal,16
16342.0,160.0,16502.0,158738.0,1.0,1.0,1.0,0.0,0,5851.0,964950.0,970801.0,-788871.0,1.0,1.0,1.0,0.0,0,136322.0,122340.0,258662.0,247688.0,1.0,1.0,1.0,0.0,0,158515.0,1087450.0,1245965.0,-382445.0,1.0,1.0,1.0,0.0,0,1011.0,589.0,2957.0,34219.0,7,equal,17
16505.0,990.0,17495.0,158355.0,1.0,1.0,1.0,0.0,0,5860.0,945370.0,951230.0,-771195.0,1.0,1.0,1.0,0.0,0,135292.0,125160.0,260452.0,248173.0,1.0,1.0,1.0,0.0,0,157657.0,1071520.0,1229177.0,-364667.0,1.0,1.0,1.0,0.0,0,1009.0,544.0,2827.0,34056.0,7,equal,18
16586.0,320.0,16906.0,158959.0,1.0,1.0,1.0,0.0,0,5974.0,944340.0,950314.0,-769909.0,1.0,1.0,1.0,0.0,0,134870.0,119400.0,254270.0,252080.0,1.0,1.0,1.0,0.0,0,157430.0,1064060.0,1221490.0,-358870.0,1.0,1.0,1.0,0.0,0,997.0,575.0,2893.0,33665.0,7,equal,19
16363.0,610.0,16973.0,160582.0,1.0,1.0,1.0,0.0,0,6009.0,942890.0,948899.0,-767924.0,1.0,1.0,1.0,0.0,0,133316.0,120340.0,253656.0,253804.0,1.0,1.0,1.0,0.0,0,155688.0,1063840.0,1219528.0,-353538.0,1.0,1.0,1.0,0.0,0,1000.0,574.0,2910.0,33589.0,7,equal,20
16961.0,790.0,17751.0,158564.0,1.0,1.0,1.0,0.0,0,6535.0,946020.0,952555.0,-773455.0,1.0,1.0,1.0,0.0,0,132305.0,119230.0,251535.0,255465.0,1.0,1.0,1.0,0.0,0,155801.0,1066040.0,1221841.0,-359426.0,1.0,1.0,1.0,0.0,0,1002.0,572.0,2899.0,34047.0,7,equal,21
17096.0,260.0,17356.0,160064.0,1.0,0.9996685998342999,0.9998343273691186,0.000331400165700102,0,6253.0,943030.0,949283.0,-769208.0,1.0,1.000346680533888,1.0001741705129321,-0.0003466805338880885,0,133973.0,121680.0,255653.0,251352.0,0.999708862233609,1.0,0.9998543038638615,-0.0002911377663910031,0,157322.0,1064970.0,1222292.0,-357792.0,0.9998271391529818,1.0,0.9999136039258376,-0.00017286084701817472,0,1004.0,574.0,2886.0,33804.0,7,equal,22
17290.0,190.0,17480.0,157875.0,1.0,1.0,1.0,0.0,0,5741.0,942170.0,947911.0,-767636.0,1.0,1.0,1.0,0.0,0,135538.0,121670.0,257208.0,249972.0,1.0,1.0,1.0,0.0,0,158569.0,1064030.0,1222599.0,-359789.0,1.0,1.0,1.0,0.0,0,995.0,573.0,2898.0,33536.0,7,equal,23
17029.0,220.0,17249.0,157931.0,1.0,1.0,1.0,0.0,0,5815.0,958210.0,964025.0,-782600.0,1.0,1.0,1.0,0.0,0,135331.0,120660.0,255991.0,253449.0,1.0,1.0,1.0,0.0,0,158175.0,1079090.0,1237265.0,-371220.0,1.0,1.0,1.0,0.0,0,1003.0,581.0,2884.0,33730.0,7,equal,24
16344.0,290.0,16634.0,159906.0,1.0,1.0,1.0,0.0,0,6187.0,929750.0,935937.0,-756817.0,1.0,1.0,1.0,0.0,0,135597.0,121580.0,257177.0,252638.0,1.0,1.0,1.0,0.0,0,158128.0,1051620.0,1209748.0,-344273.0,1.0,1.0,1.0,0.0,0,998.0,556.0,2797.0,33399.0,7,equal,25
16931.0,290.0,17221.0,158789.0,1.0,1.0,1.0,0.0,0,5793.0,938170.0,943963.0,-765118.0,1.0,1.0,1.0,0.0,0,135283.0,121390.0,256673.0,252947.0,1.0,1.0,1.0,0.0,0,158007.0,1059850.0,1217857.0,-353382.0,1.0,1.0,1.0,0.0,0,997.0,567.0,2903.0,33465.0,7,equal,26
16618.0,660.0,17278.0,158252.0,0.9988344988344988,1.0,0.9994141769185706,-0.0011655011655011815,0,5577.0,927360.0,932937.0,-753772.0,1.0012237762237761,1.0,1.0006116742397764,0.0012237762237761185,0,134155.0,120660.0,254815.0,255055.0,1.0,1.0,1.0,0.0,0,156350.0,1048680.0,1205030.0,-340465.0,1.0,1.0,1.0,0.0,0,987.0,572.0,2828.0,33242.0,7,equal,27
17043.0,110.0,17153.0,158302.0,1.0,1.0,1.0,0.0,0,5435.0,947680.0,953115.0,-772670.0,1.0,1.0,1.0,0.0,0,136220.0,120910.0,257130.0,251540.0,1.0,1.0,1.0,0.0,0,158698.0,1068700.0,1227398.0,-362828.0,1.0,1.0,1.0,0.0,0,993.0,573.0,2901.0,33490.0,7,equal,28
16699.0,590.0,17289.0,158341.0,1.0,1.0,1.0,0.0,0,5992.0,959830.0,965822.0,-784897.0,1.0,1.0,1.0,0.0,0,135825.0,120940.0,256765.0,251265.0,1.0,1.0,1.0,0.0,0,158516.0,1081360.0,1239876.0,-375291.0,1.0,1.0,1.0,0.0,0,1009.0,599.0,2973.0,33977.0,7,equal,29
16694.0,690.0,17384.0,158361.0,1.0,1.0,1.0,0.0,0,6362.0,971510.0,977872.0,-796167.0,1.0,1.0,1.0,0.0,0,137219.0,121410.0,258629.0,248231.0,1.0,1.0,1.0,0.0,0,160275.0,1093610.0,1253885.0,-389575.0,1.0,1.0,1.0,0.0,0,1016.0,597.0,2976.0,34436.0,7,equal,30
16247.0,390.0,16637.0,159043.0,1.0,1.0,1.0,0.0,0,5446.0,837600.0,843046.0,-662311.0,1.0,1.0,1.0,0.0,0,122646.0,103400.0,226046.0,282339.0,1.0,1.0,1.0,0.0,0,144339.0,941390.0,1085729.0,-220929.0,1.0,1.0,1.0,0.0,0,733.0,675.0,2874.0,26585.0,6,prio_hc1,11
15286.0,740.0,16026.0,160004.0,1.0,1.0,1.0,0.0,0,6161.0,836750.0,842911.0,-663231.0,1.0,1.0,1.0,0.0,0,117501.0,96660.0,214161.0,294779.0,1.0,1.0,1.0,0.0,0,138948.0,934150.0,1073098.0,-208448.0,1.0,1.0,1.0,0.0,0,735.0,698.0,2921.0,26503.0,6,prio_hc1,12
14717.0,490.0,15207.0,162513.0,1.0,1.0,1.0,0.0,0,5831.0,820680.0,826511.0,-647526.0,1.0,1.0,1.0,0.0,0,121633.0,101280.0,222913.0,284072.0,1.0,1.0,1.0,0.0,0,142181.0,922450.0,1064631.0,-200941.0,1.0,1.0,1.0,0.0,0,727.0,654.0,2830.0,26366.0,6,prio_hc1,13
15142.0,570.0,15712.0,159688.0,1.0,1.0,1.0,0.0,0,5359.0,830530.0,835889.0,-656044.0,1.0,1.0,1.0,0.0,0,126228.0,97820.0,224048.0,286057.0,1.0,1.0,1.0,0.0,0,146729.0,928920.0,1075649.0,-210299.0,1.0,1.0,1.0,0.0,0,728.0,656.0,2830.0,26608.0,6,prio_hc1,14
15695.0,380.0,16075.0,159890.0,0.9994972347913524,1.0,0.9997494571571739,-0.0005027652086475598,0,5991.0,850470.0,856461.0,-675466.0,1.0005210142410559,1.0,1.000259965337955,0.0005210142410558838,0,122427.0,106990.0,229417.0,278973.0,1.0,1.0,1.0,0.0,0,144113.0,957840.0,1101953.0,-236603.0,1.0,1.0,1.0,0.0,0,744.0,710.0,2938.0,27467.0,6,prio_hc1,15
16005.0,320.0,16325.0,158690.0,1.0,1.0,1.0,0.0,0,5498.0,826990.0,832488.0,-653258.0,1.0,1.0,1.0,0.0,0,120358.0,108510.0,228868.0,279972.0,1.0,1.0,1.0,0.0,0,141861.0,935820.0,1077681.0,-214596.0,1.0,1.0,1.0,0.0,0,729.0,663.0,2841.0,27069.0,6,prio_hc1,16
15820.0,160.0,15980.0,159320.0,1.0,1.0,1.0,0.0,0,5727.0,847740.0,853467.0,-671992.0,1.0,1.0,1.0,0.0,0,121027.0,93820.0,214847.0,291468.0,1.0,0.999883761478554,0.9999416382152966,0.00011623852144604374,0,142574.0,941720.0,1084294.0,-221204.0,1.0,0.9999308317482276,0.9999653895407192,6.916825177238906e-05,0,735.0,726.0,2959.0,26288.0,6,prio_hc1,17
15639.0,1010.0,16649.0,159221.0,1.0,1.0,1.0,0.0,0,5894.0,831770.0,837664.0,-657949.0,1.0,1.0,1.0,0.0,0,117423.0,96510.0,213933.0,294422.0,1.0,1.0,1.0,0.0,0,138956.0,929290.0,1068246.0,-204306.0,1.0,1.0,1.0,0.0,0,737.0,665.0,2865.0,26393.0,6,prio_hc1,18
15570.0,360.0,15930.0,159935.0,1.0,1.0,1.0,0.0,0,5858.0,839580.0,845438.0,-665333.0,1.0,1.0,1.0,0.0,0,122247.0,101680.0,223927.0,282233.0,1.0,1.0,1.0,0.0,0,143675.0,941620.0,1085295.0,-223165.0,1.0,1.0,1.0,0.0,0,736.0,685.0,2904.0,26971.0,6,prio_hc1,19
15288.0,660.0,15948.0,161607.0,1.0,1.0,1.0,0.0,0,6048.0,833040.0,839088.0,-658393.0,1.0,1.0,1.0,0.0,0,121232.0,102250.0,223482.0,284048.0,1.0,1.0,1.0,0.0,0,142568.0,935950.0,1078518.0,-212738.0,1.0,1.0,1.0,0.0,0,726.0,699.0,2926.0,26589.0,6,prio_hc1,20
15703.0,770.0,16473.0,159832.0,1.0,1.0,1.0,0.0,0,6493.0,830120.0,836613.0,-657868.0,1.0,1.0,1.0,0.0,0,120345.0,96950.0,217295.0,289860.0,1.0,1.0,1.0,0.0,0,142541.0,927840.0,1070381.0,-208176.0,1.0,1.0,1.0,0.0,0,724.0,667.0,2872.0,26521.0,6,prio_hc1,21
15704.0,260.0,15964.0,161436.0,1.0,0.9996685998342999,0.9998343273691186,0.000331400165700102,0,6182.0,833150.0,839332.0,-659447.0,1.0,1.000346680533888,1.0001741705129321,-0.0003466805338880885,0,119767.0,102400.0,222167.0,284858.0,0.999708862233609,1.0,0.9998543038638615,-0.0002911377663910031,0,141653.0,935810.0,1077463.0,-213153.0,0.9998271391529818,1.0,0.9999136039258376,-0.00017286084701817472,0,731.0,661.0,2869.0,26794.0,6,prio_hc1,22
16007.0,200.0,16207.0,159158.0,1.0,1.0,1.0,0.0,0,5567.0,824570.0,830137.0,-650327.0,1.0,1.0,1.0,0.0,0,128993.0,109840.0,238833.0,270482.0,1.0,1.0,1.0,0.0,0,150567.0,934610.0,1085177.0,-220687.0,1.0,1.0,1.0,0.0,0,716.0,690.0,2881.0,27055.0,6,prio_hc1,23
16141.0,380.0,16521.0,158669.0,1.0,1.0,1.0,0.0,0,5597.0,842130.0,847727.0,-666777.0,1.0,1.0,1.0,0.0,0,121747.0,97100.0,218847.0,291098.0,1.0,1.0,1.0,0.0,0,143485.0,939610.0,1083095.0,-217010.0,1.0,1.0,1.0,0.0,0,727.0,695.0,2915.0,26257.0,6,prio_hc1,24
15396.0,530.0,15926.0,160644.0,1.0,1.0,1.0,0.0,0,6149.0,815040.0,821189.0,-642449.0,1.0,1.0,1.0,0.0,0,119659.0,102880.0,222539.0,286641.0,1.0,1.0,1.0,0.0,0,141204.0,918450.0,1059654.0,-195164.0,1.0,1.0,1.0,0.0,0,730.0,640.0,2796.0,26488.0,6,prio_hc1,25
15667.0,290.0,15957.0,160063.0,1.0,1.0,1.0,0.0,0,5674.0,821690.0,827364.0,-649034.0,1.0,1.0,1.0,0.0,0,119139.0,95420.0,214559.0,295001.0,1.0,1.0,1.0,0.0,0,140480.0,917400.0,1057880.0,-193970.0,1.0,1.0,1.0,0.0,0,720.0,677.0,2863.0,25648.0,6,prio_hc1,26
16148.0,660.0,16808.0,158752.0,0.9988344988344988,1.0,0.9994141769185706,-0.0011655011655011815,0,5634.0,819410.0,825044.0,-646079.0,1.0012237762237761,1.0,1.0006116742397764,0.0012237762237761185,0,119807.0,98560.0,218367.0,291113.0,1.0,1.0,1.0,0.0,0,141589.0,918630.0,1060219.0,-196214.0,1.0,1.0,1.0,0.0,0,728.0,662.0,2819.0,26218.0,6,prio_hc1,27
16153.0,110.0,16263.0,159212.0,1.0,1.0,1.0,0.0,0,5250.0,836940.0,842190.0,-662165.0,1.0,1.0,1.0,0.0,0,122197.0,92790.0,214987.0,295883.0,1.0,1.0,1.0,0.0,0,143600.0,929840.0,1073440.0,-207070.0,1.0,1.0,1.0,0.0,0,729.0,687.0,2883.0,26187.0,6,prio_hc1,28
15621.0,610.0,16231.0,159399.0,1.0,1.0,1.0,0.0,0,5758.0,836980.0,842738.0,-662373.0,1.0,1.0,1.0,0.0,0,132557.0,110660.0,243217.0,265468.0,1.0,1.0,1.0,0.0,0,153936.0,948250.0,1102186.0,-237506.0,1.0,1.0,1.0,0.0,0,730.0,677.0,2877.0,27186.0,6,prio_hc1,29
15951.0,1000.0,16951.0,158784.0,1.0,1.0,1.0,0.0,0,6255.0,862990.0,869245.0,-687805.0,1.0,1.0,1.0,0.0,0,122957.0,100810.0,223767.0,282433.0,1.0,0.9998830751242327,0.9999416824610001,0.00011692487576731025,0,145163.0,964800.0,1109963.0,-246588.0,1.0,0.9999305676097899,0.9999654086962537,6.943239021006686e-05,0,754.0,714.0,2980.0,27410.0,7,prio_hc1,30
16081.0,150.0,16231.0,159449.0,1.0,1.0,1.0,0.0,0,5359.0,836260.0,841619.0,-660984.0,1.0,1.0,1.0,0.0,0,118162.0,94170.0,212332.0,296333.0,1.0,1.0,1.0,0.0,0,139602.0,930580.0,1070182.0,-205202.0,1.0,1.0,1.0,0.0,0,727.0,687.0,2891.0,25807.0,6,prio_hc2,11
15277.0,670.0,15947.0,160093.0,1.0,1.0,1.0,0.0,0,6115.0,834750.0,840865.0,-661245.0,1.0,1.0,1.0,0.0,0,119844.0,100840.0,220684.0,288296.0,1.0,1.0,1.0,0.0,0,141236.0,936260.0,1077496.0,-212856.0,1.0,1.0,1.0,0.0,0,734.0,687.0,2897.0,26760.0,6,prio_hc2,12
14709.0,570.0,15279.0,162431.0,1.0,1.0,1.0,0.0,0,5754.0,821970.0,827724.0,-648739.0,1.0,1.0,1.0,0.0,0,119761.0,101190.0,220951.0,286034.0,1.0,1.0,1.0,0.0,0,140224.0,923730.0,1063954.0,-200274.0,1.0,1.0,1.0,0.0,0,730.0,652.0,2827.0,26402.0,6,prio_hc2,13
15152.0,670.0,15822.0,159578.0,1.0,1.0,1.0,0.0,0,5256.0,823790.0,829046.0,-649251.0,1.0,1.0,1.0,0.0,0,129620.0,83400.0,213020.0,298315.0,1.0,1.0,1.0,0.0,0,150028.0,907860.0,1057888.0,-191358.0,1.0,1.0,1.0,0.0,0,720.0,651.0,2803.0,24934.0,6,prio_hc2,14
15798.0,410.0,16208.0,159757.0,0.9994972347913524,1.0,0.9997494571571739,-0.0005027652086475598,0,5937.0,855350.0,861287.0,-680292.0,1.0005210142410559,1.0,1.000259965337955,0.0005210142410558838,0,125078.0,100720.0,225798.0,284302.0,1.0,1.0,1.0,0.0,0,146813.0,956480.0,1103293.0,-236233.0,1.0,1.0,1.0,0.0,0,746.0,710.0,2958.0,27463.0,6,prio_hc2,15
16045.0,320.0,16365.0,158650.0,1.0,1.0,1.0,0.0,0,5577.0,826700.0,832277.0,-653047.0,1.0,1.0,1.0,0.0,0,133798.0,106230.0,240028.0,270817.0,1.0,1.0,1.0,0.0,0,155420.0,933250.0,1088670.0,-223580.0,1.0,1.0,1.0,0.0,0,727.0,670.0,2825.0,26976.0,6,prio_hc2,16
15810.0,160.0,15970.0,159300.0,1.0,1.0,1.0,0.0,0,5689.0,851300.0,856989.0,-675454.0,1.0,1.0,1.0,0.0,0,122775.0,98000.0,220775.0,285475.0,1.0,0.999883761478554,0.9999416382152966,0.00011623852144604374,0,144274.0,949460.0,1093734.0,-230679.0,1.0,0.9999308317482276,0.9999653895407192,6.916825177238906e-05,0,739.0,736.0,2984.0,26772.0,6,prio_hc2,17
15679.0,990.0,16669.0,159201.0,1.0,1.0,1.0,0.0,0,5810.0,827850.0,833660.0,-653995.0,1.0,1.0,1.0,0.0,0,133149.0,111240.0,244389.0,265866.0,1.0,1.0,1.0,0.0,0,154638.0,940080.0,1094718.0,-228928.0,1.0,1.0,1.0,0.0,0,736.0,663.0,2851.0,27673.0,6,prio_hc2,18
15628.0,340.0,15968.0,159897.0,1.0,1.0,1.0,0.0,0,5750.0,836470.0,842220.0,-662265.0,1.0,1.0,1.0,0.0,0,119255.0,103310.0,222565.0,283740.0,1.0,1.0,1.0,0.0,0,140633.0,940120.0,1080753.0,-218628.0,1.0,1.0,1.0,0.0,0,731.0,689.0,2894.0,26889.0,6,prio_hc2,19
15294.0,760.0,16054.0,161511.0,1.0,1.0,1.0,0.0,0,6001.0,825660.0,831661.0,-651146.0,1.0,1.0,1.0,0.0,0,118879.0,101100.0,219979.0,287726.0,1.0,1.0,1.0,0.0,0,140174.0,927520.0,1067694.0,-201909.0,1.0,1.0,1.0,0.0,0,727.0,696.0,2894.0,26240.0,6,prio_hc2,20
15646.0,820.0,16466.0,159839.0,1.0,1.0,1.0,0.0,0,6430.0,828590.0,835020.0,-656425.0,1.0,1.0,1.0,0.0,0,121163.0,102250.0,223413.0,283882.0,1.0,1.0,1.0,0.0,0,143239.0,931660.0,1074899.0,-212704.0,1.0,1.0,1.0,0.0,0,729.0,660.0,2868.0,26758.0,6,prio_hc2,21
15784.0,260.0,16044.0,161356.0,1.0,0.9996685998342999,0.9998343273691186,0.000331400165700102,0,6144.0,830930.0,837074.0,-657239.0,1.0,1.000346680533888,1.0001741705129321,-0.0003466805338880885,0,121814.0,100620.0,222434.0,284626.0,0.999708862233609,1.0,0.9998543038638615,-0.0002911377663910031,0,143742.0,931810.0,1075552.0,-211257.0,0.9998271391529818,1.0,0.9999136039258376,-0.00017286084701817472,0,735.0,653.0,2836.0,26623.0,6,prio_hc2,22
16072.0,170.0,16242.0,159103.0,1.0,1.0,1.0,0.0,0,5477.0,827640.0,833117.0,-653297.0,1.0,1.0,1.0,0.0,0,118785.0,93640.0,212425.0,294425.0,1.0,1.0,1.0,0.0,0,140334.0,921450.0,1061784.0,-199769.0,1.0,1.0,1.0,0.0,0,720.0,694.0,2887.0,25681.0,6,prio_hc2,23
16047.0,220.0,16267.0,158923.0,1.0,1.0,1.0,0.0,0,5464.0,839630.0,845094.0,-664344.0,1.0,1.0,1.0,0.0,0,121128.0,95260.0,216388.0,293502.0,1.0,1.0,1.0,0.0,0,142639.0,935110.0,1077749.0,-211919.0,1.0,1.0,1.0,0.0,0,732.0,693.0,2891.0,25985.0,6,prio_hc2,24
15374.0,310.0,15684.0,160886.0,1.0,1.0,1.0,0.0,0,6200.0,816760.0,822960.0,-644220.0,1.0,1.0,1.0,0.0,0,117349.0,94120.0,211469.0,297861.0,1.0,1.0,1.0,0.0,0,138923.0,911190.0,1050113.0,-185473.0,1.0,1.0,1.0,0.0,0,725.0,659.0,2833.0,25840.0,6,prio_hc2,25
15719.0,350.0,16069.0,159941.0,1.0,1.0,1.0,0.0,0,5768.0,824370.0,830138.0,-651748.0,1.0,1.0,1.0,0.0,0,120517.0,106020.0,226537.0,282798.0,1.0,1.0,1.0,0.0,0,142004.0,930740.0,1072744.0,-209009.0,1.0,1.0,1.0,0.0,0,715.0,685.0,2878.0,26357.0,6,prio_hc2,26
16090.0,700.0,16790.0,158770.0,0.9988344988344988,1.0,0.9994141769185706,-0.0011655011655011815,0,5615.0,820590.0,826205.0,-647290.0,1.0012237762237761,1.0,1.0006116742397764,0.0012237762237761185,0,118798.0,103880.0,222678.0,286617.0,1.0,1.0,1.0,0.0,0,140503.0,925170.0,1065673.0,-201903.0,1.0,1.0,1.0,0.0,0,729.0,659.0,2817.0,26727.0,6,prio_hc2,27
15757.0,110.0,15867.0,159598.0,1.0,1.0,1.0,0.0,0,5284.0,836680.0,841964.0,-661939.0,1.0,1.0,1.0,0.0,0,123038.0,104380.0,227418.0,280882.0,1.0,1.0,1.0,0.0,0,144079.0,941170.0,1085249.0,-221459.0,1.0,1.0,1.0,0.0,0,723.0,690.0,2888.0,26521.0,6,prio_hc2,28
15600.0,620.0,16220.0,159420.0,1.0,1.0,1.0,0.0,0,5779.0,832910.0,838689.0,-658274.0,1.0,1.0,1.0,0.0,0,117351.0,90420.0,207771.0,300419.0,1.0,1.0,1.0,0.0,0,138730.0,923950.0,1062680.0,-198435.0,1.0,1.0,1.0,0.0,0,726.0,677.0,2865.0,25704.0,6,prio_hc2,29
15979.0,700.0,16679.0,159056.0,1.0,1.0,1.0,0.0,0,6112.0,858600.0,864712.0,-683412.0,1.0,1.0,1.0,0.0,0,119155.0,96350.0,215505.0,290850.0,1.0,0.9998830751242327,0.9999416824610001,0.00011692487576731025,0,141246.0,955650.0,1096896.0,-233506.0,1.0,0.9999305676097899,0.9999654086962537,6.943239021006686e-05,0,744.0,716.0,2974.0,27025.0,6,prio_hc2,30
17163.0,150.0,17313.0,158367.0,1.0,1.0,1.0,0.0,0,6982.0,1465210.0,1472192.0,-1290557.0,1.0,1.0,1.0,0.0,0,150509.0,247500.0,398009.0,109666.0,1.0,1.0,1.0,0.0,0,174654.0,1712860.0,1887514.0,-1022524.0,1.0,1.0,1.0,0.0,0,2033.0,510.0,4702.0,61336.0,10,backlog_priority,11
16165.0,730.0,16895.0,159135.0,1.0,1.0,1.0,0.0,0,6683.0,1347250.0,1353933.0,-1174303.0,1.0,1.0,1.0,0.0,0,146494.0,220960.0,367454.0,141766.0,1.0,1.0,1.0,0.0,0,169342.0,1568940.0,1738282.0,-873402.0,1.0,1.0,1.0,0.0,0,1899.0,595.0,4228.0,55368.0,9,backlog_priority,12
15738.0,440.0,16178.0,161522.0,1.0,1.0,1.0,0.0,0,2251.0,1474510.0,1476761.0,-1299526.0,1.0,1.0,1.0,0.0,0,179361.0,329320.0,508681.0,3324.0,1.0,1.0,1.0,0.0,0,197350.0,1804270.0,2001620.0,-1134680.0,1.0,1.0,1.0,0.0,0,2359.0,557.0,5250.0,68294.0,11,backlog_priority,13
16134.0,570.0,16704.0,158716.0,1.0,1.0,1.0,0.0,0,6438.0,1427770.0,1434208.0,-1254668.0,1.0,0.9935371179039302,0.9967840069534984,0.006462882096069822,0,144361.0,246380.0,390741.0,118244.0,1.0,1.0021492884112693,1.0010760818985576,-0.002149288411269268,0,166933.0,1674720.0,1841653.0,-977708.0,1.0,1.0,1.0,0.0,0,2008.0,487.0,4478.0,59885.0,10,backlog_priority,14
16691.0,380.0,17071.0,158904.0,0.9994972347913524,1.0,0.9997494571571739,-0.0005027652086475598,0,2586.0,1468710.0,1471296.0,-1290561.0,1.0005210142410559,1.0,1.000259965337955,0.0005210142410558838,0,189154.0,333250.0,522404.0,-11794.0,1.0,1.0,1.0,0.0,0,208431.0,1802340.0,2010771.0,-1143451.0,1.0,1.0,1.0,0.0,0,2242.0,580.0,4854.0,68952.0,10,backlog_priority,15
16905.0,320.0,17225.0,157790.0,1.0,1.0,1.0,0.0,0,6654.0,1479460.0,1486114.0,-1305699.0,1.0,1.0,1.0,0.0,0,147669.0,255430.0,403099.0,104771.0,1.0,1.0,1.0,0.0,0,171228.0,1735210.0,1906438.0,-1043138.0,1.0,1.0,1.0,0.0,0,2082.0,492.0,4541.0,63013.0,10,backlog_priority,16
16394.0,160.0,16554.0,158706.0,1.0,1.0,1.0,0.0,0,3750.0,1459000.0,1462750.0,-1281140.0,1.0,1.0,1.0,0.0,0,162651.0,300870.0,463521.0,42894.0,1.0,0.999883761478554,0.9999416382152966,0.00011623852144604374,0,182795.0,1760030.0,1942825.0,-1079540.0,1.0,0.9999308317482276,0.9999653895407192,6.916825177238906e-05,0,2181.0,574.0,4655.0,66287.0,10,backlog_priority,17
16737.0,990.0,17727.0,158143.0,1.0,1.0,1.0,0.0,0,6037.0,1486880.0,1492917.0,-1313057.0,0.9911103364127593,1.0,0.9955594253373966,-0.008889663587240748,0,153841.0,273510.0,427351.0,81024.0,1.002972720913966,1.0,1.0014831617518758,0.0029727209139660538,0,176615.0,1761380.0,1937995.0,-1073890.0,1.0,1.0,1.0,0.0,0,2188.0,547.0,5072.0,64268.0,10,backlog_priority,18
16468.0,340.0,16808.0,159057.0,1.0,1.0,1.0,0.0,0,6103.0,1427360.0,1433463.0,-1253888.0,1.0,0.9712055507372073,0.9855564256503959,0.028794449262792732,0,159901.0,259890.0,419791.0,88234.0,1.0,1.0097258026716662,1.004845159218937,-0.009725802671666228,0,182472.0,1687590.0,1870062.0,-1006597.0,1.0,1.0,1.0,0.0,0,2113.0,568.0,4794.0,61013.0,10,backlog_priority,19
16105.0,630.0,16735.0,160820.0,1.0,1.0,1.0,0.0,0,6842.0,1457510.0,1464352.0,-1282642.0,1.0,1.0,1.0,0.0,0,147658.0,245110.0,392768.0,113742.0,1.0,1.0,1.0,0.0,0,170605.0,1703250.0,1873855.0,-1008080.0,1.0,1.0,1.0,0.0,0,2003.0,502.0,4494.0,61415.0,10,backlog_priority,20
16643.0,790.0,17433.0,158872.0,1.0,1.0,1.0,0.0,0,2952.0,1485510.0,1488462.0,-1310482.0,0.9941860465116279,1.0,0.9971085604135634,-0.005813953488372103,0,169914.0,331300.0,501214.0,8266.0,1.0019240860591219,1.0,1.0009615384615385,0.0019240860591218656,0,189509.0,1817600.0,2007109.0,-1143344.0,1.0,1.0,1.0,0.0,0,2350.0,568.0,5232.0,69647.0,11,backlog_priority,21
16838.0,260.0,17098.0,160312.0,1.0,0.9996685998342999,0.9998343273691186,0.000331400165700102,0,6813.0,1445120.0,1451933.0,-1270908.0,1.0,1.000346680533888,1.0001741705129321,-0.0003466805338880885,0,147479.0,239050.0,386529.0,119571.0,0.999708862233609,1.0,0.9998543038638615,-0.0002911377663910031,0,171130.0,1684430.0,1855560.0,-991025.0,0.9998271391529818,1.0,0.9999136039258376,-0.00017286084701817472,0,1990.0,492.0,4437.0,60626.0,10,backlog_priority,22
17220.0,170.0,17390.0,157985.0,1.0,1.0,1.0,0.0,0,6005.0,1367020.0,1373025.0,-1192175.0,1.0,1.0,1.0,0.0,0,154863.0,227220.0,382083.0,123812.0,1.0,1.0,1.0,0.0,0,178088.0,1594410.0,1772498.0,-910378.0,1.0,1.0,1.0,0.0,0,1870.0,568.0,4079.0,56916.0,9,backlog_priority,23
17071.0,220.0,17291.0,157889.0,1.0,1.0,1.0,0.0,0,2011.0,1530630.0,1532641.0,-1353791.0,0.9594618207233968,1.0,0.9799446749654218,-0.04053817927660319,0,167973.0,347050.0,515023.0,-1898.0,1.013489156346299,1.0,1.006727562708424,0.013489156346299103,0,187055.0,1877900.0,2064955.0,-1197800.0,1.0,1.0,1.0,0.0,0,2454.0,566.0,5478.0,71848.0,11,backlog_priority,24
16178.0,290.0,16468.0,160082.0,1.0,1.0,1.0,0.0,0,6966.0,1441680.0,1448646.0,-1268836.0,1.0,1.0,1.0,0.0,0,151229.0,242800.0,394029.0,114256.0,1.0,1.0,1.0,0.0,0,174373.0,1684770.0,1859143.0,-994498.0,1.0,1.0,1.0,0.0,0,1974.0,473.0,4469.0,61144.0,10,backlog_priority,25
16841.0,310.0,17151.0,158889.0,1.0,1.0,1.0,0.0,0,6159.0,1454610.0,1460769.0,-1282984.0,0.9747254662715705,1.0,0.9873118655932797,-0.02527453372842947,0,154350.0,268320.0,422670.0,87770.0,1.0084111607401822,1.0,1.0042140137754658,0.008411160740182222,0,177350.0,1723240.0,1900590.0,-1036325.0,1.0,1.0,1.0,0.0,0,2149.0,544.0,5070.0,62302.0,10,backlog_priority,26
17046.0,660.0,17706.0,157854.0,0.9988344988344988,1.0,0.9994141769185706,-0.0011655011655011815,0,6306.0,1424810.0,1431116.0,-1251151.0,1.0012237762237761,1.0,1.0006116742397764,0.0012237762237761185,0,147205.0,235870.0,383075.0,125400.0,1.0,1.0,1.0,0.0,0,170557.0,1661340.0,1831897.0,-967897.0,1.0,1.0,1.0,0.0,0,1944.0,492.0,4470.0,59729.0,10,backlog_priority,27
16859.0,110.0,16969.0,158486.0,1.0,1.0,1.0,0.0,0,6189.0,1392800.0,1398989.0,-1219944.0,0.9620869565217391,1.0,0.9810977195872713,-0.037913043478260855,0,155627.0,237120.0,392747.0,117918.0,1.0126965637740244,1.0,1.0063464337700145,0.012696563774024394,0,178675.0,1630030.0,1808705.0,-943540.0,1.0,1.0,1.0,0.0,0,1970.0,561.0,4650.0,57702.0,10,backlog_priority,28
16791.0,590.0,17381.0,158269.0,1.0,1.0,1.0,0.0,0,2516.0,1502480.0,1504996.0,-1325096.0,1.0,0.9879895561357702,0.9940254567495022,0.01201044386422978,0,171366.0,341740.0,513106.0,-2846.0,1.0,1.0040261407398763,1.0020091430568092,-0.004026140739876283,0,190673.0,1844810.0,2035483.0,-1169673.0,1.0,1.0,1.0,0.0,0,2324.0,584.0,5141.0,70363.0,11,backlog_priority,29
16716.0,690.0,17406.0,158339.0,1.0,1.0,1.0,0.0,0,6594.0,1405570.0,1412164.0,-1230624.0,1.0,1.0,1.0,0.0,0,151198.0,235530.0,386728.0,119907.0,1.0,1.0,1.0,0.0,0,174508.0,1641790.0,1816298.0,-952378.0,1.0,1.0,1.0,0.0,0,1961.0,593.0,4374.0,58436.0,10,backlog_priority,30
17135.0,130.0,17265.0,158435.0,1.0,1.0,1.0,0.0,0,7650.0,1201960.0,1209610.0,-1027345.0,1.0,1.0,1.0,0.0,0,161466.0,163420.0,324886.0,184679.0,1.0,1.0,1.0,0.0,0,186251.0,1365510.0,1551761.0,-684231.0,1.0,1.0,1.0,0.0,0,1294.0,491.0,3380.0,44617.0,8,serve_captive,11
15781.0,690.0,16471.0,159559.0,1.0,1.0,1.0,0.0,0,8878.0,1237490.0,1246368.0,-1064488.0,1.0,1.0,1.0,0.0,0,138259.0,160030.0,298289.0,208431.0,1.0,1.0,1.0,0.0,0,162918.0,1398210.0,1561128.0,-696498.0,1.0,1.0,1.0,0.0,0,1359.0,506.0,3743.0,47149.0,8,serve_captive,12
15472.0,540.0,16012.0,161678.0,1.0,1.0,1.0,0.0,0,7463.0,1119780.0,1127243.0,-946798.0,1.0,1.0,1.0,0.0,0,145969.0,146170.0,292139.0,214236.0,1.0,1.0,1.0,0.0,0,168904.0,1266490.0,1435394.0,-570884.0,1.0,1.0,1.0,0.0,0,1161.0,437.0,3194.0,40783.0,8,serve_captive,13
15825.0,580.0,16405.0,158985.0,1.0,1.0,1.0,0.0,0,7079.0,1156270.0,1163349.0,-982044.0,1.0,1.0,1.0,0.0,0,148948.0,146770.0,295718.0,212482.0,1.0,1.0,1.0,0.0,0,171852.0,1303620.0,1475472.0,-610577.0,1.0,1.0,1.0,0.0,0,1206.0,459.0,3368.0,41888.0,8,serve_captive,14
16377.0,400.0,16777.0,159188.0,0.9994972347913524,1.0,0.9997494571571739,-0.0005027652086475598,0,7204.0,1217180.0,1224384.0,-1041689.0,1.0005210142410559,1.0,1.000259965337955,0.0005210142410558838,0,149701.0,164110.0,313811.0,193769.0,1.0,1.0,1.0,0.0,0,173282.0,1381690.0,1554972.0,-688732.0,1.0,1.0,1.0,0.0,0,1329.0,485.0,3490.0,45865.0,8,serve_captive,15
17005.0,320.0,17325.0,157690.0,1.0,1.0,1.0,0.0,0,6490.0,1280510.0,1287000.0,-1105320.0,1.0,1.0,1.0,0.0,0,154433.0,173630.0,328063.0,179202.0,1.0,1.0,1.0,0.0,0,177928.0,1454460.0,1632388.0,-768428.0,1.0,1.0,1.0,0.0,0,1408.0,500.0,3850.0,49439.0,8,serve_captive,16
16144.0,180.0,16324.0,158966.0,1.0,1.0,1.0,0.0,0,7058.0,1161300.0,1168358.0,-985578.0,1.0,1.0,1.0,0.0,0,158588.0,158810.0,317398.0,189417.0,1.0,1.0,1.0,0.0,0,181790.0,1320290.0,1502080.0,-637195.0,1.0,1.0,1.0,0.0,0,1250.0,466.0,3351.0,43349.0,8,serve_captive,17
16559.0,990.0,17549.0,158311.0,1.0,1.0,1.0,0.0,0,7707.0,1224250.0,1231957.0,-1050382.0,1.0,1.0,1.0,0.0,0,160965.0,170340.0,331305.0,177370.0,1.0,1.0,1.0,0.0,0,185231.0,1395580.0,1580811.0,-714701.0,1.0,1.0,1.0,0.0,0,1372.0,522.0,3455.0,46386.0,8,serve_captive,18
15902.0,320.0,16222.0,159653.0,1.0,1.0,1.0,0.0,0,8578.0,1311540.0,1320118.0,-1138273.0,1.0,1.0,1.0,0.0,0,139986.0,180350.0,320336.0,184064.0,1.0,1.0,1.0,0.0,0,164466.0,1492210.0,1656676.0,-794556.0,1.0,1.0,1.0,0.0,0,1461.0,510.0,3973.0,51080.0,8,serve_captive,19
16243.0,610.0,16853.0,160702.0,1.0,1.0,1.0,0.0,0,8063.0,1158300.0,1166363.0,-983913.0,1.0,1.0,1.0,0.0,0,148368.0,146330.0,294698.0,211807.0,1.0,1.0,1.0,0.0,0,172674.0,1305240.0,1477914.0,-611404.0,1.0,1.0,1.0,0.0,0,1199.0,469.0,3408.0,42327.0,8,serve_captive,20
16199.0,770.0,16969.0,159346.0,1.0,1.0,1.0,0.0,0,7748.0,1159280.0,1167028.0,-986948.0,1.0,1.0,1.0,0.0,0,147814.0,156600.0,304414.0,202221.0,1.0,1.0,1.0,0.0,0,171761.0,1316650.0,1488411.0,-625381.0,1.0,1.0,1.0,0.0,0,1318.0,493.0,3250.0,43441.0,8,serve_captive,21
17057.0,270.0,17327.0,160093.0,1.0,0.9996685998342999,0.9998343273691186,0.000331400165700102,0,7433.0,1193860.0,1201293.0,-1020043.0,1.0,1.000346680533888,1.0001741705129321,-0.0003466805338880885,0,150522.0,174200.0,324722.0,183068.0,1.0,1.0,1.0,0.0,0,175012.0,1368330.0,1543342.0,-676882.0,1.0,1.0,1.0,0.0,0,1362.0,476.0,3344.0,45853.0,8,serve_captive,22
17181.0,180.0,17361.0,158014.0,1.0,1.0,1.0,0.0,0,7578.0,1098800.0,1106378.0,-924898.0,1.0,1.0,1.0,0.0,0,148043.0,140220.0,288263.0,219042.0,1.0,1.0,1.0,0.0,0,172802.0,1239200.0,1412002.0,-547842.0,1.0,1.0,1.0,0.0,0,1123.0,456.0,3164.0,39736.0,8,serve_captive,23
17051.0,220.0,17271.0,157909.0,1.0,1.0,1.0,0.0,0,6800.0,1171850.0,1178650.0,-996140.0,1.0,1.0,1.0,0.0,0,143407.0,139770.0,283177.0,227628.0,1.0,1.0,1.0,0.0,0,167258.0,1311840.0,1479098.0,-610603.0,1.0,1.0,1.0,0.0,0,1261.0,488.0,3300.0,42193.0,8,serve_captive,24
16154.0,290.0,16444.0,160116.0,1.0,1.0,1.0,0.0,0,7740.0,1143760.0,1151500.0,-971150.0,1.0,1.0,1.0,0.0,0,155319.0,159150.0,314469.0,195991.0,1.0,1.0,1.0,0.0,0,179213.0,1303200.0,1482413.0,-615043.0,1.0,1.0,1.0,0.0,0,1208.0,487.0,3252.0,42965.0,8,serve_captive,25
16399.0,290.0,16689.0,159351.0,1.0,1.0,1.0,0.0,0,9817.0,1191290.0,1201107.0,-1020297.0,1.0,1.0,1.0,0.0,0,137008.0,147240.0,284248.0,222637.0,1.0,1.0,1.0,0.0,0,163224.0,1338820.0,1502044.0,-638309.0,1.0,1.0,1.0,0.0,0,1224.0,498.0,3622.0,43666.0,8,serve_captive,26
16770.0,660.0,17430.0,158120.0,0.9988344988344988,1.0,0.9994141769185706,-0.0011655011655011815,0,7987.0,1138880.0,1146867.0,-966242.0,1.0012237762237761,1.0,1.0006116742397764,0.0012237762237761185,0,145717.0,144820.0,290537.0,217933.0,1.0,1.0,1.0,0.0,0,170474.0,1284360.0,1454834.0,-590189.0,1.0,1.0,1.0,0.0,0,1182.0,494.0,3223.0,41363.0,8,serve_captive,27
16361.0,110.0,16471.0,158984.0,1.0,1.0,1.0,0.0,0,7541.0,1365930.0,1373471.0,-1191586.0,1.0,1.0,1.0,0.0,0,172283.0,185620.0,357903.0,152102.0,1.0,1.0,1.0,0.0,0,196185.0,1551660.0,1747845.0,-880500.0,1.0,1.0,1.0,0.0,0,1574.0,499.0,4074.0,53219.0,9,serve_captive,28
16382.0,620.0,17002.0,158628.0,1.0,1.0,1.0,0.0,0,6869.0,1235220.0,1242089.0,-1059974.0,1.0,1.0,1.0,0.0,0,148163.0,151860.0,300023.0,209482.0,1.0,1.0,1.0,0.0,0,171414.0,1387700.0,1559114.0,-691864.0,1.0,1.0,1.0,0.0,0,1342.0,482.0,3590.0,45394.0,8,serve_captive,29
16388.0,630.0,17018.0,158727.0,1.0,1.0,1.0,0.0,0,7795.0,1235940.0,1243735.0,-1060745.0,1.0,1.0,1.0,0.0,0,152225.0,162380.0,314605.0,190905.0,1.0,0.9998830751242327,0.9999416824610001,0.00011692487576731025,0,176408.0,1398950.0,1575358.0,-711113.0,1.0,0.9999305676097899,0.9999654086962537,6.943239021006686e-05,0,1320.0,493.0,3579.0,46128.0,8,serve_captive,30
