pre_holding_cost,pre_backlog_cost,pre_system_cost,pre_profit_psc,pre_fill_hc1,pre_fill_hc2,pre_fill_agg,pre_fill_dispersion,pre_lost_u,during_holding_cost,during_backlog_cost,during_system_cost,during_profit_psc,during_fill_hc1,during_fill_hc2,during_fill_agg,during_fill_dispersion,during_lost_u,post_holding_cost,post_backlog_cost,post_system_cost,post_profit_psc,post_fill_hc1,post_fill_hc2,post_fill_agg,post_fill_dispersion,post_lost_u,episode_holding_cost,episode_backlog_cost,episode_system_cost,episode_profit_psc,episode_fill_hc1,episode_fill_hc2,episode_fill_agg,episode_fill_dispersion,episode_lost_u,peak_backlog_ds1,peak_backlog_ds2,peak_backlog_system,aub_ds1_during_post,ttr_ds1,rung,seed
20573.0,120.0,20693.0,184562.0,1.0,0.999856918014022,0.9999283051333524,0.0001430819859780108,1.0,2128.0,2687870.0,2689998.0,-2542683.0,0.8296230335411101,0.6544324404321444,0.7419044090403853,0.17519059310896568,1333.0,117487.0,1105930.0,1223417.0,-592172.0,1.0175534559920438,1.06857886569555,1.0429815152044304,-0.05102540970350611,427.0,140188.0,3793920.0,3934108.0,-2950293.0,0.9764841600851895,0.9713548616671115,0.9739227010217681,0.0051292984180779655,1761.0,4317.0,91.0,11021.0,142905.0,19,a,11
19194.0,380.0,19574.0,185906.0,0.9992872416250891,0.9998561771897023,0.9995704467353952,-0.0005689355646132377,6.0,1967.0,2692860.0,2694827.0,-2548547.0,0.8289375651914767,0.6531282663879349,0.7411247016706444,0.1758092988035418,1342.0,115756.0,1102140.0,1217896.0,-586051.0,1.0171975474801855,1.0677560781187725,1.0424837415593153,-0.05055853063858695,424.0,136917.0,3795380.0,3932297.0,-2948692.0,0.9760854766626217,0.9714133206808612,0.9737516479284244,0.004672155981760517,1772.0,4297.0,115.0,10976.0,143182.0,19,a,12
19196.0,90.0,19286.0,187969.0,1.0,0.9998570611778159,0.9999289772727272,0.00014293882218407994,1.0,2391.0,2659910.0,2662301.0,-2515881.0,0.8301660930719736,0.6580442583732058,0.7440729937925361,0.17212183469876785,1326.0,114489.0,1086010.0,1200499.0,-571454.0,1.0171274038461537,1.0663239844295838,1.0417687346897966,-0.049196580583430016,425.0,136076.0,3746010.0,3882086.0,-2899366.0,0.9764932562620424,0.9715615918391555,0.9740278992543397,0.00493166442288695,1752.0,4266.0,85.0,10873.0,141169.0,19,a,13
19170.0,370.0,19540.0,185320.0,0.9992799539170507,0.9998568155784651,0.9995692130959218,-0.0005768616614143518,6.0,2006.0,2678300.0,2680306.0,-2533556.0,0.8281899109792284,0.6568436798803291,0.7428677839851024,0.17134623109889935,1332.0,118070.0,1101030.0,1219100.0,-587785.0,1.0179739377902042,1.0665504358655045,1.04229004588071,-0.04857649807530029,424.0,139246.0,3779700.0,3918946.0,-2936021.0,0.9761812950493874,0.9715801327643433,0.9738796566701751,0.004601162285044147,1762.0,4291.0,103.0,10941.0,142215.0,19,a,14
20221.0,320.0,20541.0,184959.0,0.9994258647911584,0.9994291422862851,0.9994275082295692,-3.2774951267411367e-06,6.0,2044.0,2723290.0,2725334.0,-2578319.0,0.8280738314974695,0.6567784040344111,0.7422734026745914,0.17129542746305837,1342.0,116595.0,1107250.0,1223845.0,-592190.0,1.0171706047256708,1.0669775749156578,1.0421857869032194,-0.04980697018998703,436.0,138860.0,3830860.0,3969720.0,-2985550.0,0.9757582959508037,0.9714496386963575,0.9735961874315484,0.00430865725444618,1784.0,4322.0,117.0,11018.0,144304.0,19,a,15
20322.0,220.0,20542.0,183968.0,1.0,0.9995683453237411,0.999784436300927,0.00043165467625894127,3.0,1945.0,2680570.0,2682515.0,-2536625.0,0.8275602409638554,0.6554796554796555,0.7409152086137282,0.1720805854841999,1337.0,118341.0,1102150.0,1220491.0,-588676.0,1.0170049369171694,1.0673273243364374,1.042183684656401,-0.05032238741926798,435.0,140608.0,3782940.0,3923548.0,-2941333.0,0.9761140819964349,0.9712424107803939,0.9736744530960326,0.00487167121604104,1775.0,4298.0,104.0,10963.0,142527.0,19,a,16
19980.0,110.0,20090.0,184710.0,0.9997125197642662,1.0,0.9998564249820531,-0.00028748023573377246,2.0,2052.0,2711780.0,2713832.0,-2566027.0,0.8299809132286008,0.6541218637992832,0.742800029614274,0.17585904942931763,1346.0,118138.0,1106990.0,1225128.0,-595673.0,1.0175174421522863,1.0674773248280673,1.04258671134562,-0.049959882675781,425.0,140170.0,3818880.0,3959050.0,-2976990.0,0.9759282894541569,0.9714836223506744,0.9737045056803013,0.004444667103482458,1773.0,4317.0,112.0,11003.0,143758.0,19,a,17
19807.0,780.0,20587.0,184673.0,0.9995698308001147,0.9990005711022273,0.9992845900701102,0.0005692596978874587,10.0,1845.0,2683470.0,2685315.0,-2539125.0,0.8257428699417649,0.6556350626118068,0.7406191719507647,0.17010780732995812,1340.0,116301.0,1100530.0,1216831.0,-585381.0,1.018185451638689,1.0670980587356893,1.042686879768613,-0.048912607097000294,425.0,137953.0,3784780.0,3922733.0,-2939833.0,0.9760738563837682,0.9713330572155494,0.9736994176828817,0.00474079916821879,1775.0,4307.0,102.0,10986.0,142813.0,19,a,18
19996.0,260.0,20256.0,185134.0,0.9995700157660886,1.0,0.9997851464584975,-0.00042998423391138463,3.0,2054.0,2690880.0,2692934.0,-2546294.0,0.8308911483253588,0.6562081784386617,0.743308730336241,0.17468296988669707,1341.0,116938.0,1096540.0,1213478.0,-584373.0,1.0165062584151998,1.067442794058611,1.0418949000775368,-0.050936535643411274,427.0,138988.0,3787680.0,3926668.0,-2945533.0,0.9761848270953201,0.9712238770474747,0.9737072613091439,0.004960950047845358,1771.0,4294.0,105.0,10928.0,142759.0,19,a,19
19571.0,370.0,19941.0,187119.0,0.9994335080016995,0.9998575498575498,0.9996449115829842,-0.00042404185585032117,5.0,2189.0,2701480.0,2703669.0,-2556749.0,0.8291158082762727,0.6555258467023173,0.7422304832713754,0.17358996157395545,1339.0,114834.0,1111270.0,1226104.0,-595514.0,1.0173778044871795,1.0674761146496816,1.0425069888178913,-0.0500983101625021,425.0,136594.0,3813120.0,3949714.0,-2965144.0,0.9761460277950633,0.9715197352871662,0.9738294252533471,0.004626292507897145,1769.0,4326.0,105.0,11032.0,143866.0,19,a,20
19942.0,550.0,20492.0,185258.0,0.9992874447769702,0.9994272623138603,0.9993571887722306,-0.00013981753689007448,9.0,2291.0,2679770.0,2682061.0,-2536431.0,0.8310729355033153,0.6558160370315066,0.7430435760894022,0.1752568984718087,1336.0,114443.0,1080020.0,1194463.0,-564693.0,1.016241067412923,1.0670527734784563,1.0416583416583416,-0.05081170606553331,422.0,136676.0,3760340.0,3897016.0,-2915866.0,0.976206036121673,0.9713438148917235,0.9737732656514383,0.004862221229949504,1767.0,4257.0,109.0,10860.0,141942.0,19,a,21
20538.0,200.0,20738.0,186237.0,1.0,0.9995735607675906,0.9997868106878909,0.0004264392324093702,3.0,2208.0,2678640.0,2680848.0,-2534398.0,0.8306862451303566,0.6562639322336157,0.7431172125643513,0.17442231289674093,1331.0,116573.0,1102120.0,1218693.0,-588673.0,1.016471997604073,1.0676864627074585,1.0420600429591889,-0.051214465103385454,428.0,139319.0,3780960.0,3920279.0,-2936834.0,0.9762927841161654,0.9715114901682066,0.9739013227082192,0.004781293947958787,1762.0,4304.0,98.0,10967.0,142745.0,19,a,22
20250.0,130.0,20380.0,184485.0,0.9998567540466982,0.9998563218390805,0.9998565382684169,4.322076176954681e-07,2.0,2132.0,2694400.0,2696532.0,-2550222.0,0.826430274135876,0.6533650982727814,0.739871909442955,0.17306517586309456,1338.0,117294.0,1103500.0,1220794.0,-590919.0,1.0180584655292826,1.0685886187014288,1.043259733440024,-0.050530153172146264,425.0,139676.0,3798030.0,3937706.0,-2956656.0,0.9761700109665372,0.9714166741024954,0.9737975059382423,0.0047533368640417795,1765.0,4303.0,112.0,10993.0,142973.0,19,a,23
20198.0,140.0,20338.0,184392.0,0.9997128499641063,1.0,0.9998563011927001,-0.0002871500358937462,2.0,1943.0,2709850.0,2711793.0,-2564338.0,0.8307646266646715,0.6556943423952976,0.7424377224199288,0.175070284269374,1332.0,114624.0,1113850.0,1228474.0,-596079.0,1.0167007328381275,1.068499950362355,1.0426563860216391,-0.05179921752422745,427.0,136765.0,3823840.0,3960605.0,-2976025.0,0.976325392351737,0.9715962718263331,0.9739539424058216,0.004729120525403863,1761.0,4340.0,108.0,11057.0,144050.0,19,a,24
19177.0,240.0,19417.0,186583.0,0.9997155454416157,0.9997134259922625,0.9997144896502498,2.1194493531329073e-06,4.0,2059.0,2674110.0,2676169.0,-2530289.0,0.8288355449530341,0.655520409700256,0.7426195114641091,0.17331513525277809,1338.0,119105.0,1090220.0,1209325.0,-577515.0,1.0170054536440258,1.0661694779518494,1.041470522304416,-0.04916402430782352,432.0,140341.0,3764570.0,3904911.0,-2921221.0,0.9762003067122803,0.9712176682441884,0.9737204651507296,0.004982638468091882,1774.0,4273.0,100.0,10879.0,141964.0,19,a,25
20453.0,230.0,20683.0,184847.0,1.0,0.9994292237442922,0.999713672154617,0.0005707762557077833,4.0,2257.0,2654380.0,2656637.0,-2510747.0,0.8278333582200985,0.6558412268831755,0.7421336529817201,0.17199213133692304,1328.0,117973.0,1084670.0,1202643.0,-570848.0,1.0173142942434947,1.0668996505242136,1.042064342495452,-0.04958535628071892,426.0,140683.0,3739280.0,3879963.0,-2896748.0,0.9761538005806031,0.9717118347235002,0.9739350897741931,0.004441965857102881,1758.0,4269.0,86.0,10872.0,140865.0,19,a,26
20018.0,550.0,20568.0,184467.0,0.9984299172138167,0.9998559700417687,0.9991397232776543,-0.0014260528279520512,5.0,1889.0,2674100.0,2675989.0,-2529874.0,0.8306886227544911,0.6549970077797725,0.7428165219994014,0.17569161497471852,1330.0,117015.0,1093130.0,1210145.0,-578450.0,1.0167534076827758,1.0674843554443054,1.0419925280199254,-0.05073094776152964,428.0,138922.0,3767780.0,3906702.0,-2923857.0,0.9762558695844777,0.971460032140944,0.9738671568118821,0.004795837443533735,1763.0,4285.0,108.0,10916.0,142036.0,19,a,27
20233.0,110.0,20343.0,184632.0,0.9998563218390805,0.9998567129961312,0.9998565176841955,-3.911570507497686e-07,1.0,2022.0,2691180.0,2693202.0,-2546437.0,0.8260804769001491,0.6544564733798013,0.7400579796327956,0.1716240035203478,1337.0,117030.0,1103090.0,1220120.0,-589030.0,1.018172740888667,1.0684131736526945,1.0432992263538807,-0.050240432764027565,426.0,139285.0,3794380.0,3933665.0,-2950835.0,0.9761424332344214,0.9715656655411409,0.9738519462808692,0.004576767693280526,1764.0,4311.0,107.0,11003.0,142757.0,19,a,28
19736.0,330.0,20066.0,185039.0,0.9998569589472178,0.9994245432311898,0.9996413713957826,0.00043241571602803397,5.0,2188.0,2697310.0,2699498.0,-2552368.0,0.8293908929627439,0.6544369873228933,0.7422971267354667,0.17495390563985058,1336.0,118559.0,1107300.0,1225859.0,-594879.0,1.017443309244954,1.067956795679568,1.0426578139430398,-0.05051348643461395,426.0,140483.0,3804940.0,3945423.0,-2962208.0,0.9761975162625666,0.9714149878171986,0.9738121350446097,0.004782528445367973,1767.0,4306.0,103.0,10997.0,143158.0,19,a,29
19778.0,10.0,19788.0,185497.0,1.0,1.0,1.0,0.0,0.0,2031.0,2724990.0,2727021.0,-2579751.0,0.8275353773584906,0.6558770883054893,0.7422153024911032,0.1716582890530013,1348.0,118853.0,1106100.0,1224953.0,-595043.0,1.0179052369077306,1.0671174555472076,1.0424590778458078,-0.049212218639477,430.0,140662.0,3831100.0,3971762.0,-2989297.0,0.9760293204859161,0.9712416356877324,0.9736428592605769,0.0047876847981837,1778.0,4308.0,117.0,10998.0,144233.0,19,a,30
20573.0,120.0,20693.0,184562.0,1.0,0.999856918014022,0.9999283051333524,0.0001430819859780108,1.0,1596.0,2186690.0,2188286.0,-2023256.0,0.8260611457405759,0.8231463667307977,0.8246017043349388,0.0029147790097782122,1292.0,122407.0,565330.0,687737.0,-72137.0,1.0190452511188464,1.0199729689142514,1.0195075710330033,-0.0009277177954050142,293.0,144576.0,2752140.0,2896716.0,-1910831.0,0.9766616381222823,0.9763662782077513,0.9765141418628758,0.0002953599145310015,1586.0,3067.0,181.0,7475.0,101995.0,14,b,11
19196.0,400.0,19596.0,185884.0,0.9992872416250891,0.9998561771897023,0.9995704467353952,-0.0005689355646132377,6.0,1401.0,2187580.0,2188981.0,-2025226.0,0.8247653106839518,0.8215618933850978,0.8231652744630071,0.0032034172988539833,1300.0,115529.0,565410.0,680939.0,-65544.0,1.0188923782463486,1.0193304105221204,1.0191114544140731,-0.0004380322757717714,304.0,136126.0,2753390.0,2889516.0,-1904886.0,0.9762630597567111,0.9760393808196429,0.9761513279710854,0.00022367893706820574,1610.0,3060.0,154.0,7470.0,102605.0,14,b,12
19176.0,90.0,19266.0,187989.0,1.0,0.9998570611778159,0.9999289772727272,0.00014293882218407994,1.0,1696.0,2154210.0,2155906.0,-1991971.0,0.8261259913212629,0.8273026315789473,0.8267145314486576,-0.0011766402576844914,1286.0,117749.0,557970.0,675719.0,-62634.0,1.0185797275641026,1.0179159596766145,1.0182472629105634,0.0006637678874881203,301.0,138621.0,2712270.0,2850891.0,-1866616.0,0.9765525418704609,0.9763655773678904,0.9764590776346413,0.0001869645025704969,1588.0,3034.0,167.0,7374.0,100901.0,14,b,13
19170.0,370.0,19540.0,185320.0,0.9992799539170507,0.9998568155784651,0.9995692130959218,-0.0005768616614143518,6.0,1489.0,2179420.0,2180909.0,-2016729.0,0.8237388724035608,0.8258788332086762,0.8248044692737431,-0.0021399608051153596,1298.0,120129.0,564360.0,684489.0,-69044.0,1.0195716211493335,1.0182316313823163,1.0189008577697984,0.0013399897670172134,296.0,140788.0,2744150.0,2884938.0,-1900453.0,0.976240619345653,0.9763217164532954,0.9762811865336437,-8.109710764236944e-05,1600.0,3060.0,165.0,7447.0,101733.0,14,b,14
20221.0,320.0,20541.0,184959.0,0.9994258647911584,0.9994291422862851,0.9994275082295692,-3.2774951267411367e-06,6.0,1498.0,2206970.0,2208468.0,-2043673.0,0.8245013396844298,0.8270542865618511,0.825780089153046,-0.002552946877421247,1299.0,120638.0,568110.0,688748.0,-72548.0,1.019273127753304,1.0183072038102798,1.0187879996013156,0.0009659239430241939,294.0,142357.0,2775400.0,2917757.0,-1931262.0,0.976293039422477,0.9763751659047338,0.9763342509546221,-8.212648225680574e-05,1599.0,3075.0,164.0,7476.0,103238.0,14,b,15
20322.0,220.0,20542.0,183968.0,1.0,0.9995683453237411,0.999784436300927,0.00043165467625894127,3.0,1413.0,2173060.0,2174473.0,-2010753.0,0.8240963855421687,0.825957825957826,0.8250336473755047,-0.0018614404156572784,1294.0,121691.0,561010.0,682701.0,-66471.0,1.0188001795242607,1.0187241671231513,1.0187621468081927,7.601240110943763e-05,293.0,143426.0,2734290.0,2877716.0,-1893256.0,0.9765002970885324,0.9763364430623427,0.9764182424916574,0.00016385402618968037,1590.0,3046.0,182.0,7410.0,101589.0,14,b,16
20000.0,110.0,20110.0,184690.0,0.9997125197642662,1.0,0.9998564249820531,-0.00028748023573377246,2.0,1475.0,2204200.0,2205675.0,-2040255.0,0.8267508442225812,0.8233273596176822,0.8250536758717701,0.003423484604898941,1304.0,117580.0,566890.0,684470.0,-71565.0,1.0189730462279778,1.018987341772152,1.0189802195603792,-1.42955441742032e-05,298.0,139055.0,2771200.0,2910255.0,-1927130.0,0.976136060075391,0.9762264710241589,0.9761812950493874,-9.041094876793832e-05,1604.0,3075.0,163.0,7484.0,102828.0,14,b,17
19807.0,780.0,20587.0,184673.0,0.9995698308001147,0.9990005711022273,0.9992845900701102,0.0005692596978874587,10.0,1313.0,2174200.0,2175513.0,-2011548.0,0.822457816932955,0.8260286225402504,0.8242446848190974,-0.003570805607295391,1294.0,116344.0,563500.0,679844.0,-65059.0,1.0196342925659472,1.0183673469387755,1.0189996509250485,0.0012669456271716673,300.0,137464.0,2738480.0,2875944.0,-1891934.0,0.9762816516757206,0.9761848411336608,0.9762331639230096,9.681054205978867e-05,1604.0,3062.0,177.0,7451.0,101985.0,14,b,18
19996.0,260.0,20256.0,185134.0,0.9995700157660886,1.0,0.9997851464584975,-0.00042998423391138463,3.0,1510.0,2182910.0,2184420.0,-2019965.0,0.8279007177033493,0.8263197026022305,0.8271080295235965,0.0015810151011187434,1291.0,120104.0,562120.0,682224.0,-68694.0,1.018052161771306,1.0187173825772782,1.0183837322728295,-0.0006652208059720888,293.0,141610.0,2745290.0,2886900.0,-1903525.0,0.9765110623405896,0.9763667172032462,0.9764389744198821,0.0001443451373434046,1587.0,3051.0,157.0,7398.0,102105.0,14,b,19
19571.0,370.0,19941.0,187119.0,0.9994335080016995,0.9998575498575498,0.9996449115829842,-0.00042404185585032117,5.0,1634.0,2196370.0,2198004.0,-2033199.0,0.825989877939863,0.8265002970885323,0.8262453531598513,-0.0005104191486693388,1288.0,116515.0,568020.0,684535.0,-70430.0,1.0189803685897436,1.0182623407643312,1.0186202076677315,0.0007180278254124151,303.0,137720.0,2764760.0,2902480.0,-1916510.0,0.9764719826947581,0.9763058378633893,0.976388786152822,0.00016614483136878633,1596.0,3071.0,161.0,7485.0,102761.0,14,b,20
19902.0,550.0,20452.0,185298.0,0.9992874447769702,0.9994272623138603,0.9993571887722306,-0.00013981753689007448,9.0,1579.0,2169570.0,2171149.0,-2007944.0,0.8273056057866185,0.8248469463939078,0.8260706517662941,0.002458659392710727,1294.0,117969.0,555630.0,673599.0,-59054.0,1.0176902703513069,1.0187727794697687,1.0182317682317683,-0.0010825091184618607,295.0,139450.0,2725750.0,2865200.0,-1881700.0,0.9763248574144486,0.97623850489469,0.9762816516757206,8.635251975863678e-05,1598.0,3026.0,150.0,7350.0,101690.0,14,b,21
20536.0,200.0,20736.0,186249.0,1.0,0.9995735607675906,0.9997868106878909,0.0004264392324093702,3.0,1688.0,2178810.0,2180498.0,-2016358.0,0.8269403655978423,0.8256798930004459,0.8263075430873685,0.001260472597396478,1288.0,116140.0,563160.0,679300.0,-65820.0,1.0178197064989518,1.0189462107578484,1.0183825365902393,-0.001126504258896599,300.0,138364.0,2742170.0,2880534.0,-1895929.0,0.976352052155875,0.9763977730395641,0.9763749203857035,-4.572088368914873e-05,1591.0,3059.0,160.0,7434.0,102082.0,14,b,22
20250.0,130.0,20380.0,184485.0,0.9998567540466982,0.9998563218390805,0.9998565382684169,4.322076176954681e-07,2.0,1555.0,2181840.0,2183395.0,-2019370.0,0.8231525625744934,0.8231089934484812,0.8231307715221924,4.356912601222174e-05,1294.0,116555.0,564350.0,680905.0,-67630.0,1.019555023446074,1.0191526698420657,1.0193543547298143,0.0004023536040083098,307.0,138360.0,2746320.0,2884680.0,-1902515.0,0.9764071252852782,0.9759971446417418,0.9762024940617577,0.0004099806435363673,1603.0,3055.0,159.0,7455.0,102005.0,14,b,23
20198.0,140.0,20338.0,184392.0,0.9997128499641063,1.0,0.9998563011927001,-0.0002871500358937462,2.0,1462.0,2195980.0,2197442.0,-2031957.0,0.8262756247194374,0.8270389419544453,0.8266607354685647,-0.0007633172350078876,1292.0,118672.0,564720.0,683392.0,-67477.0,1.018445585522708,1.0188623051722425,1.0186543962193757,-0.0004167196495346026,296.0,140332.0,2760840.0,2901172.0,-1915042.0,0.9764737294923903,0.9764924492685229,0.9764831166526157,-1.8719776132547494e-05,1590.0,3070.0,165.0,7452.0,102326.0,14,b,24
19226.0,210.0,19436.0,186554.0,0.9997155454416157,0.9997134259922625,0.9997144896502498,2.1194493531329073e-06,4.0,1470.0,2167380.0,2168850.0,-2005435.0,0.8252571939764425,0.8255761409850881,0.8254158549378091,-0.0003189470086456536,1298.0,117632.0,557240.0,674872.0,-59317.0,1.0185919682697075,1.018169077531408,1.0183815288052007,0.0004228907382994862,294.0,138328.0,2724830.0,2863158.0,-1878198.0,0.9764362392355787,0.9762776438372474,0.9763573068661581,0.000158595398331296,1596.0,3039.0,151.0,7379.0,101504.0,14,b,25
20453.0,230.0,20683.0,184847.0,1.0,0.9994292237442922,0.999713672154617,0.0005707762557077833,4.0,1703.0,2151900.0,2153603.0,-1989958.0,0.8254442287591459,0.8263419034731619,0.8258915193287384,-0.0008976747140160279,1282.0,118576.0,552250.0,670826.0,-55181.0,1.0188566595353004,1.0185222166749874,1.0186897256348277,0.00033444286031292236,292.0,140732.0,2704380.0,2845112.0,-1860292.0,0.9765981397002192,0.9766095758259372,0.9766038519133542,-1.1436125717967371e-05,1578.0,3027.0,171.0,7340.0,100445.0,14,b,26
20018.0,550.0,20568.0,184467.0,0.9984299172138167,0.9998559700417687,0.9991397232776543,-0.0014260528279520512,5.0,1292.0,2167640.0,2168932.0,-2005227.0,0.8257485029940119,0.8254039497307002,0.8255761747979646,0.00034455326331173097,1288.0,117836.0,560280.0,678116.0,-62166.0,1.0188847583643124,1.0188735919899874,1.018879202988792,1.116637432496681e-05,292.0,139146.0,2728470.0,2867616.0,-1882926.0,0.9765511945896459,0.9764597345396108,0.9765056401286631,9.146005003513036e-05,1585.0,3044.0,167.0,7399.0,101535.0,14,b,27
20233.0,110.0,20343.0,184632.0,0.9998563218390805,0.9998567129961312,0.9998565176841955,-3.911570507497686e-07,1.0,1466.0,2186890.0,2188356.0,-2023826.0,0.8220566318926975,0.8244104997775471,0.8232364528357987,-0.002353867884849592,1292.0,117841.0,564970.0,682811.0,-68301.0,1.0199201198202696,1.0193612774451097,1.019640628899426,0.000558842375159907,300.0,139540.0,2751970.0,2891510.0,-1907495.0,0.976379821958457,0.9763935785794681,0.9763867065903769,-1.3756621011107306e-05,1593.0,3063.0,161.0,7464.0,102073.0,14,b,28
19736.0,330.0,20066.0,185039.0,0.9998569589472178,0.9994245432311898,0.9996413713957826,0.00043241571602803397,5.0,1630.0,2194740.0,2196370.0,-2031595.0,0.8262862211709048,0.823117076808352,0.8247085900957755,0.003169144362552778,1287.0,118788.0,568100.0,686888.0,-72178.0,1.0192873162222775,1.0196519651965197,1.019469335796121,-0.00036464897424215437,294.0,140154.0,2763170.0,2903324.0,-1918734.0,0.9766706091070373,0.976317822547097,0.9764946497910306,0.00035278655994031016,1586.0,3068.0,168.0,7482.0,102597.0,14,b,29
19778.0,10.0,19788.0,185497.0,1.0,1.0,1.0,0.0,0.0,1527.0,2218970.0,2220497.0,-2055592.0,0.824439858490566,0.8250298329355609,0.8247330960854092,-0.0005899744449948674,1301.0,117522.0,570120.0,687642.0,-74217.0,1.0196508728179552,1.0185324317555722,1.0190928401849306,0.0011184410623830132,297.0,138827.0,2789100.0,2927927.0,-1944312.0,0.9764431176661839,0.9761189591078067,0.9762815381422515,0.00032415855837719665,1598.0,3079.0,169.0,7495.0,103605.0,14,b,30
20595.0,120.0,20715.0,184530.0,1.0,0.999856918014022,0.9999283051333524,0.0001430819859780108,1.0,6248.0,1035590.0,1041838.0,-838243.0,0.96260017809439,0.9627053426076662,0.9626528343831049,-0.00010516451327613474,504.0,156677.0,152300.0,308977.0,283783.0,0.999801093983093,1.0,0.9999002170279642,-0.00019890601690697451,4.0,183520.0,1188010.0,1371530.0,-369930.0,0.9924276037507025,0.9924977018651958,0.9924626092107212,-7.009811449332215e-05,509.0,1108.0,590.0,3040.0,38129.0,7,c,11
19194.0,380.0,19574.0,185906.0,0.9992872416250891,0.9998561771897023,0.9995704467353952,-0.0005689355646132377,6.0,6786.0,1024250.0,1031036.0,-828581.0,0.9631947548800477,0.9632671345378527,0.963230906921241,-7.237965780504396e-05,493.0,154350.0,152480.0,306830.0,286760.0,1.0,0.9998007174172977,0.9999003313981013,0.00019928258270229815,4.0,180330.0,1177110.0,1357440.0,-355915.0,0.9925415100482434,0.9925567878536267,0.9925491415959353,-1.5277805383240306e-05,503.0,1096.0,596.0,3044.0,37969.0,7,c,12
19165.0,100.0,19265.0,187975.0,0.9998588368153586,0.9998570611778159,0.9998579545454546,1.7756375426669635e-06,2.0,6547.0,1023950.0,1030497.0,-828467.0,0.9634894508454287,0.9630681818181818,0.9632787375663749,0.00042126902724692883,491.0,153907.0,149180.0,303087.0,288223.0,0.9996995192307693,0.9999500948198423,0.9998250262460631,-0.0002505755890730432,7.0,179619.0,1173230.0,1352849.0,-352269.0,0.9925596561434712,0.9926160963169445,0.9925878707917637,-5.644017347328223e-05,500.0,1102.0,585.0,3013.0,37808.0,7,c,13
19170.0,370.0,19540.0,185320.0,0.9992799539170507,0.9998568155784651,0.9995692130959218,-0.0005768616614143518,6.0,6042.0,1026240.0,1032282.0,-829957.0,0.9620178041543027,0.9611069558713538,0.9615642458100558,0.0009108482829489617,516.0,156945.0,148690.0,305635.0,288375.0,1.0,1.0,1.0,0.0,0.0,182157.0,1175300.0,1357457.0,-356262.0,0.9922581793373476,0.9922652916073968,0.9922617371066013,-7.112270049236535e-06,522.0,1094.0,580.0,2982.0,37531.0,7,c,14
20222.0,310.0,20532.0,184958.0,0.9994258647911584,0.9994291422862851,0.9994275082295692,-3.2774951267411367e-06,5.0,6847.0,1036490.0,1043337.0,-839807.0,0.9623399821375409,0.9615840996736873,0.961961367013373,0.0007558824638536077,515.0,154562.0,147800.0,302362.0,290528.0,0.999899879855827,0.9998015479261758,0.9998504933718728,9.83319296511409e-05,6.0,181631.0,1184600.0,1366231.0,-364321.0,0.992305635602032,0.9921250553015779,0.9922150193884498,0.0001805803004540918,526.0,1103.0,602.0,3090.0,38007.0,7,c,15
20322.0,220.0,20542.0,183968.0,1.0,0.9995683453237411,0.999784436300927,0.00043165467625894127,3.0,6230.0,1020490.0,1026720.0,-824725.0,0.9629518072289157,0.9624294624294625,0.9626887991625542,0.0005223447994532338,499.0,153804.0,150950.0,304754.0,288651.0,0.9998503964494091,0.9999502016831832,0.999900333881497,-9.980523377406403e-05,4.0,180356.0,1171660.0,1352016.0,-352106.0,0.992602495543672,0.9923885680438324,0.9924953652206155,0.00021392749983961679,506.0,1093.0,589.0,2982.0,37687.0,7,c,16
20000.0,110.0,20110.0,184690.0,0.9997125197642662,1.0,0.9998564249820531,-0.00028748023573377246,2.0,6524.0,1033810.0,1040334.0,-836274.0,0.9624137424754075,0.9616188769414575,0.9620196934922632,0.0007948655339499178,513.0,156175.0,150400.0,306575.0,284260.0,0.9998494202680319,0.9998006578291637,0.999824951861762,4.876243886819953e-05,5.0,182699.0,1184320.0,1367019.0,-367324.0,0.9922531239796979,0.9922632281013783,0.9922581793373476,-1.010412168045427e-05,520.0,1097.0,608.0,3068.0,37921.0,7,c,17
19808.0,790.0,20598.0,184662.0,0.9995698308001147,0.9990005711022273,0.9992845900701102,0.0005692596978874587,10.0,6462.0,1028360.0,1034822.0,-832292.0,0.962520531581305,0.9639236732259988,0.9632226781051846,-0.001403141644693795,493.0,155045.0,154820.0,309865.0,283045.0,0.9998501199040767,0.9998008959681434,0.9998254625243106,4.9223935933317975e-05,7.0,181315.0,1183970.0,1365285.0,-364585.0,0.9923709442811767,0.9925152357848648,0.9924432129680393,-0.00014429150368810983,510.0,1105.0,562.0,2964.0,38168.0,7,c,18
19978.0,260.0,20238.0,185142.0,0.9995700157660886,1.0,0.9997851464584975,-0.00042998423391138463,3.0,6615.0,1022570.0,1029185.0,-826350.0,0.9629186602870813,0.9625278810408922,0.9627227316782226,0.0003907792461891324,500.0,154334.0,147260.0,301594.0,289081.0,0.9997506607490151,0.9998996386993175,0.9998249168354969,-0.00014897795030244243,7.0,180927.0,1170090.0,1351017.0,-352127.0,0.9924076161100895,0.9924492404649365,0.9924284038778449,-4.1624354847003e-05,510.0,1088.0,595.0,3011.0,37595.0,7,c,19
19591.0,370.0,19961.0,187099.0,0.9994335080016995,0.9998575498575498,0.9996449115829842,-0.00042404185585032117,5.0,6694.0,1026980.0,1033674.0,-830109.0,0.9635308127418875,0.9637551990493167,0.9636431226765799,-0.00022438630742926957,489.0,154617.0,150440.0,305057.0,287018.0,1.0,0.9995521496815286,0.9997753594249201,0.0004478503184713878,9.0,180902.0,1177790.0,1358692.0,-355992.0,0.9926215663614544,0.9924958638619712,0.9925586211997929,0.00012570249948318235,503.0,1094.0,596.0,3061.0,37693.0,7,c,20
19962.0,550.0,20512.0,185238.0,0.9992874447769702,0.9994272623138603,0.9993571887722306,-0.00013981753689007448,9.0,7189.0,1025380.0,1032569.0,-831074.0,0.9624773960216998,0.962520531581305,0.9624990624765619,-4.313555960522297e-05,500.0,152549.0,146670.0,299219.0,292496.0,1.0,0.9998502171850816,0.9999250749250749,0.00014978281491839773,3.0,179700.0,1172600.0,1352300.0,-353340.0,0.9924548479087453,0.9923464847226342,0.9924006293228842,0.00010836318611107121,512.0,1095.0,592.0,3022.0,37993.0,7,c,21
20538.0,200.0,20738.0,186237.0,1.0,0.9995735607675906,0.9997868106878909,0.0004264392324093702,3.0,6914.0,1026670.0,1033584.0,-830924.0,0.9625412046748577,0.9632932085005201,0.9629187495336865,-0.0007520038256624284,497.0,153513.0,150890.0,304403.0,286912.0,0.9995008485574524,0.9999000199960008,0.999700284729507,-0.00039917143854839576,8.0,180965.0,1177760.0,1358725.0,-357775.0,0.9922951548377538,0.9925373134328358,0.9924162753840001,-0.00024215859508203152,508.0,1102.0,591.0,3024.0,37990.0,7,c,22
20270.0,130.0,20400.0,184465.0,0.9998567540466982,0.9998563218390805,0.9998565382684169,4.322076176954681e-07,2.0,6325.0,1025110.0,1031435.0,-828735.0,0.9632002383790227,0.9623287671232876,0.9627643729520405,0.0008714712557350568,500.0,153677.0,149690.0,303367.0,287858.0,0.999950114736107,0.9995988969666583,0.9997749493636068,0.0003512177694486862,9.0,180272.0,1174930.0,1355202.0,-356412.0,0.9926198168291888,0.9922072514202434,0.9924138954869358,0.00041256540894540894,511.0,1096.0,598.0,3048.0,37597.0,7,c,23
20198.0,140.0,20338.0,184392.0,0.9997128499641063,1.0,0.9998563011927001,-0.0002871500358937462,2.0,6381.0,1032000.0,1038381.0,-834866.0,0.9618434834655095,0.9617927994121969,0.9618179122182681,5.068405331265513e-05,515.0,153882.0,148200.0,302082.0,291898.0,0.9999002941323097,1.0,0.999950254943415,-9.970586769025847e-05,2.0,180461.0,1180340.0,1360801.0,-358576.0,0.9923161361141603,0.9923312883435583,0.9923237343035897,-1.5152229398074368e-05,519.0,1097.0,599.0,3024.0,37551.0,7,c,24
19224.0,210.0,19434.0,186556.0,0.9997155454416157,0.9997134259922625,0.9997144896502498,2.1194493531329073e-06,4.0,6807.0,1016960.0,1023767.0,-822062.0,0.9627255106605039,0.9630968519355324,0.9629102352764873,-0.0003713412750284695,495.0,155662.0,151350.0,307012.0,287323.0,1.0,1.0,1.0,0.0,0.0,181693.0,1168520.0,1350213.0,-348183.0,0.9925681255161024,0.9926481531089085,0.9926079549662988,-8.002759280612004e-05,499.0,1094.0,575.0,2947.0,37658.0,7,c,25
20453.0,230.0,20683.0,184847.0,1.0,0.9994292237442922,0.999713672154617,0.0005707762557077833,4.0,6465.0,1019180.0,1025645.0,-824200.0,0.9631178139465433,0.963915200721696,0.9635151333533114,-0.0007973867751527308,487.0,155429.0,148770.0,304199.0,290401.0,1.0,1.0,1.0,0.0,0.0,182347.0,1168180.0,1350527.0,-348952.0,0.9926832158303217,0.992757279824275,0.9927202099426217,-7.406399395326613e-05,491.0,1096.0,575.0,3005.0,37454.0,7,c,26
19956.0,550.0,20506.0,184539.0,0.9984299172138167,0.9998559700417687,0.9991397232776543,-0.0014260528279520512,5.0,6312.0,1012650.0,1018962.0,-817362.0,0.9645209580838323,0.9618491921005387,0.9631846752469321,0.0026717659832936613,499.0,151476.0,148930.0,300406.0,293489.0,1.0,0.9996495619524406,0.9998256537982565,0.0003504380475594093,7.0,177744.0,1162130.0,1339874.0,-339334.0,0.9926759398718289,0.9921730849354206,0.9924254776692409,0.0005028549364083368,511.0,1082.0,589.0,2959.0,37287.0,7,c,27
20213.0,110.0,20323.0,184652.0,0.9998563218390805,0.9998567129961312,0.9998565176841955,-3.911570507497686e-07,1.0,6067.0,1027950.0,1034017.0,-831262.0,0.9624441132637854,0.9623313065401157,0.9623875715453802,0.00011280672366975608,507.0,155917.0,151320.0,307237.0,286193.0,1.0,1.0,1.0,0.0,0.0,182197.0,1179380.0,1361577.0,-360417.0,0.9924925816023739,0.9924471299093656,0.9924698348700008,4.545169300829155e-05,508.0,1092.0,589.0,3038.0,37700.0,7,c,28
19736.0,330.0,20066.0,185039.0,0.9998569589472178,0.9994245432311898,0.9996413713957826,0.00043241571602803397,5.0,6590.0,1036690.0,1043280.0,-840060.0,0.9623004139562389,0.962117822520507,0.9622095181527953,0.00018259143573184922,509.0,156121.0,149480.0,305601.0,287149.0,1.0,1.0,1.0,0.0,0.0,182447.0,1186500.0,1368947.0,-367872.0,0.9924305144884683,0.9923337493314316,0.9923822509411032,9.676515703671562e-05,514.0,1105.0,620.0,3105.0,37917.0,7,c,29
19778.0,10.0,19788.0,185497.0,1.0,1.0,1.0,0.0,0.0,6930.0,1049130.0,1056060.0,-852200.0,0.9615271226415094,0.9613663484486874,0.961447212336892,0.00016077419282201078,520.0,154068.0,157990.0,312058.0,278762.0,1.0,0.9998497370398197,0.999925028114457,0.00015026296018028074,1.0,180776.0,1207130.0,1387906.0,-387941.0,0.9922856382821506,0.9922081784386617,0.9922470277802484,7.745984348883628e-05,521.0,1114.0,615.0,3109.0,39487.0,8,c,30
20573.0,120.0,20693.0,184562.0,1.0,0.999856918014022,0.9999283051333524,0.0001430819859780108,1.0,22848.0,197670.0,220518.0,-17403.0,0.9824873849807064,0.9838685807310937,0.983178955168581,-0.0013811957503873096,227.0,90107.0,136010.0,226117.0,370913.0,0.9997513674788663,0.9999499424337989,0.9998503255419463,-0.00019857495493258437,6.0,133528.0,333800.0,467328.0,538072.0,0.9963617002395954,0.9967084778934259,0.9965348733896047,-0.00034677765383051007,234.0,370.0,542.0,1066.0,10426.0,45,d,11
19196.0,400.0,19596.0,185884.0,0.9992872416250891,0.9998561771897023,0.9995704467353952,-0.0005689355646132377,6.0,22452.0,206180.0,228632.0,-26977.0,0.9818208910743556,0.9838733761385695,0.982846062052506,-0.0020524850642139603,230.0,89220.0,137260.0,226480.0,371480.0,0.9999501520362893,0.999651255480271,0.9998006627962026,0.0002988965560183354,8.0,130868.0,343840.0,474708.0,530387.0,0.9962115606594252,0.9965601091275725,0.996385667096239,-0.0003485484681473583,244.0,386.0,555.0,1117.0,10453.0,45,d,12
19176.0,90.0,19266.0,187989.0,1.0,0.9998570611778159,0.9999289772727272,0.00014293882218407994,1.0,23572.0,194830.0,218402.0,-16657.0,0.9851862935807272,0.9835526315789473,0.9843691571311046,0.0016336620017798342,209.0,89489.0,133290.0,222779.0,372701.0,0.9996995192307693,0.999850284459527,0.9997750337449383,-0.00015076522875767662,9.0,132237.0,328210.0,460447.0,544033.0,0.9968875055580257,0.9966194175908902,0.9967534874067925,0.00026808796713551075,219.0,381.0,528.0,1090.0,10155.0,45,d,13
19170.0,370.0,19540.0,185320.0,0.9992799539170507,0.9998568155784651,0.9995692130959218,-0.0005768616614143518,6.0,21387.0,201190.0,222577.0,-20452.0,0.9853115727002968,0.9820493642483171,0.9836871508379889,0.0032622084519796646,219.0,89331.0,136530.0,225861.0,371519.0,1.0,0.9997509339975094,0.9998753241571913,0.0002490660024906388,5.0,129888.0,338090.0,467978.0,536387.0,0.9969151365941922,0.9962660028449503,0.9965904205642113,0.0006491337492419147,230.0,383.0,544.0,1058.0,10471.0,45,d,14
20221.0,320.0,20541.0,184959.0,0.9994258647911584,0.9994291422862851,0.9994275082295692,-3.2774951267411367e-06,6.0,23057.0,209550.0,232607.0,-29812.0,0.982584102411432,0.9823494512014239,0.9824665676077265,0.00023465121000809663,238.0,88173.0,123820.0,211993.0,385417.0,0.999899879855827,0.9998015479261758,0.9998504933718728,9.83319296511409e-05,6.0,131451.0,333690.0,465141.0,540564.0,0.9963459196102314,0.9962542397876419,0.9962999141580084,9.167982258950769e-05,250.0,347.0,562.0,1157.0,9259.0,45,d,15
20322.0,220.0,20542.0,183968.0,1.0,0.9995683453237411,0.999784436300927,0.00043165467625894127,3.0,22390.0,205220.0,227610.0,-26000.0,0.9832831325301205,0.9836649836649837,0.9834754000299087,-0.0003818511348632203,221.0,89420.0,136810.0,226230.0,371405.0,0.9998503964494091,0.9999502016831832,0.999900333881497,-9.980523377406403e-05,4.0,132132.0,342250.0,474382.0,529373.0,0.9966131907308378,0.9966237227898712,0.9966184649610679,-1.0532059033452335e-05,228.0,384.0,543.0,1129.0,10494.0,45,d,16
20000.0,110.0,20110.0,184690.0,0.9997125197642662,1.0,0.9998564249820531,-0.00028748023573377246,2.0,23388.0,206650.0,230038.0,-26573.0,0.9815005138746146,0.9828255675029869,0.9821573998667358,-0.001325053628372319,241.0,89632.0,127450.0,217082.0,378093.0,0.9998494202680319,0.9998006578291637,0.999824951861762,4.876243886819953e-05,5.0,133020.0,334210.0,467230.0,536210.0,0.9961117212311893,0.9964725062990959,0.9962922314834041,-0.00036078506790659937,248.0,352.0,567.0,1159.0,9638.0,44,d,17
19807.0,780.0,20587.0,184673.0,0.9995698308001147,0.9990005711022273,0.9992845900701102,0.0005692596978874587,10.0,23096.0,207820.0,230916.0,-28891.0,0.9832760937733314,0.9837507453786524,0.9835136143230138,-0.00047465160532100814,221.0,89130.0,127590.0,216720.0,380445.0,0.9998501199040767,0.9997511199601792,0.9998005285992121,9.899994389750422e-05,8.0,132033.0,336190.0,468223.0,536227.0,0.9964971650785169,0.9964203301579788,0.9964586821556105,7.68349205381158e-05,239.0,349.0,548.0,1141.0,9578.0,45,d,18
19996.0,260.0,20256.0,185134.0,0.9995700157660886,1.0,0.9997851464584975,-0.00042998423391138463,3.0,22996.0,202670.0,225666.0,-23461.0,0.9822069377990431,0.9837918215613383,0.9830015656452695,-0.0015848837622951528,228.0,89026.0,128880.0,217906.0,377129.0,0.9997007928988181,0.9998996386993175,0.9997999049548536,-0.00019884580049944756,8.0,132018.0,331810.0,463828.0,538802.0,0.9962038080550448,0.9967002586283777,0.9964517422094215,-0.0004964505733329183,239.0,344.0,555.0,1076.0,9689.0,45,d,19
19571.0,370.0,19941.0,187119.0,0.9994335080016995,0.9998575498575498,0.9996449115829842,-0.00042404185585032117,5.0,22416.0,208710.0,231126.0,-28596.0,0.9836260791902351,0.9838086749851456,0.9837174721189591,-0.00018259579491042288,219.0,89167.0,133310.0,222477.0,374298.0,0.9999499198717948,0.9995521496815286,0.9997503993610224,0.0003977701902662112,10.0,131154.0,342390.0,473544.0,532821.0,0.996592289685009,0.9964842826754904,0.9965382054885716,0.00010800700951862918,234.0,374.0,529.0,1113.0,10099.0,45,d,20
19902.0,550.0,20452.0,185298.0,0.9992874447769702,0.9994272623138603,0.9993571887722306,-0.00013981753689007448,9.0,23827.0,206470.0,230297.0,-29432.0,0.9826702833031947,0.9826788114080932,0.9826745668641717,-8.528104898486433e-06,231.0,88310.0,129000.0,217310.0,378735.0,0.9999000549697666,0.9998502171850816,0.9998751248751249,4.983778468503619e-05,5.0,132039.0,336020.0,468059.0,534601.0,0.9963759505703422,0.9963512310886977,0.9963635823908332,2.4719481644508434e-05,245.0,371.0,539.0,1144.0,9725.0,45,d,21
20536.0,200.0,20736.0,186249.0,1.0,0.9995735607675906,0.9997868106878909,0.0004264392324093702,3.0,23174.0,199190.0,222364.0,-20434.0,0.9844171411447408,0.98365284589092,0.984033425352533,0.0007642952538208236,214.0,89152.0,132440.0,221592.0,374543.0,0.9995008485574524,0.9999000199960008,0.999700284729507,-0.00039917143854839576,8.0,132862.0,331830.0,464692.0,540358.0,0.9966217217365536,0.9965944089078418,0.9966080606697969,2.7312828711822945e-05,225.0,353.0,522.0,1091.0,10030.0,45,d,22
20250.0,130.0,20380.0,184485.0,0.9998567540466982,0.9998563218390805,0.9998565382684169,4.322076176954681e-07,2.0,22287.0,201480.0,223767.0,-21887.0,0.982419547079857,0.9840678975580702,0.9832439678284183,-0.001648350478213212,225.0,88775.0,132160.0,220935.0,374830.0,0.9998004589444278,0.9995487590874906,0.9996749268585432,0.000251699856937182,13.0,131312.0,333770.0,465082.0,537428.0,0.9963543673493583,0.9965200321227804,0.996437054631829,-0.00016566477342205843,240.0,372.0,528.0,1094.0,9973.0,45,d,23
20198.0,140.0,20338.0,184392.0,0.9997128499641063,1.0,0.9998563011927001,-0.0002871500358937462,2.0,22006.0,203550.0,225556.0,-22341.0,0.9830914260062846,0.9817781043350478,0.9824288256227758,0.0013133216712368778,237.0,90027.0,130100.0,220127.0,378248.0,0.9999002941323097,0.9999503623548099,0.9999253824151225,-5.0068222500199155e-05,3.0,132231.0,333790.0,466021.0,540299.0,0.9965289109087133,0.9963131193959415,0.9964207007735427,0.00021579151277184572,242.0,369.0,530.0,1089.0,9864.0,44,d,24
19226.0,210.0,19436.0,186554.0,0.9997155454416157,0.9997134259922625,0.9997144896502498,2.1194493531329073e-06,4.0,22813.0,208120.0,230933.0,-29688.0,0.9835992246906218,0.9837324898328061,0.9836655177581298,-0.0001332651421843689,218.0,89075.0,134540.0,223615.0,374350.0,1.0,0.999949947444817,0.9999750927793968,5.00525551829778e-05,1.0,131114.0,342870.0,473984.0,531216.0,0.9966969446738233,0.9966961335833556,0.9966965409969631,8.110904676783548e-07,223.0,364.0,537.0,1146.0,10267.0,45,d,25
20453.0,230.0,20683.0,184847.0,1.0,0.9994292237442922,0.999713672154617,0.0005707762557077833,4.0,21700.0,192720.0,214420.0,-13555.0,0.9810362849036882,0.9857164336190046,0.9833682948756368,-0.004680148715316412,222.0,88249.0,132850.0,221099.0,376921.0,1.0,0.999900149775337,0.9999501607316404,9.985022466296734e-05,2.0,130402.0,325800.0,456202.0,548213.0,0.9962379287872505,0.9970019887797203,0.9966195679570626,-0.0007640599924698677,228.0,366.0,501.0,1002.0,10074.0,45,d,26
20018.0,550.0,20568.0,184467.0,0.9984299172138167,0.9998559700417687,0.9991397232776543,-0.0014260528279520512,5.0,22743.0,203440.0,226183.0,-24603.0,0.9844311377245509,0.9836923997606224,0.9840616581861718,0.0007387379639285374,220.0,89364.0,135080.0,224444.0,373306.0,1.0,0.9995994993742178,0.9998007471980075,0.00040050062578222967,8.0,132125.0,339070.0,471195.0,533170.0,0.9966037624405658,0.9964883042676032,0.9965462549842136,0.00011545817296265692,233.0,377.0,542.0,1125.0,10251.0,45,d,27
20233.0,110.0,20343.0,184632.0,0.9998563218390805,0.9998567129961312,0.9998565176841955,-3.911570507497686e-07,1.0,22446.0,202270.0,224716.0,-22046.0,0.9834575260804769,0.9830935785258786,0.9832751059243291,0.0003639475545982318,226.0,89779.0,124710.0,214489.0,382221.0,0.9998502246630054,0.9998003992015968,0.9998253057149987,4.982546140863686e-05,7.0,132458.0,327090.0,459548.0,544807.0,0.9965875370919881,0.9964753272910373,0.9965313806290949,0.00011220980095083544,234.0,341.0,527.0,1109.0,9292.0,45,d,28
19736.0,330.0,20066.0,185039.0,0.9998569589472178,0.9994245432311898,0.9996413713957826,0.00043241571602803397,5.0,22758.0,201050.0,223808.0,-21138.0,0.9821111768184506,0.9828486204325131,0.9824782834657362,-0.0007374436140624718,236.0,89654.0,131570.0,221224.0,375391.0,0.9999501619735859,0.9999499949995,0.9999500786261638,1.6697408589116947e-07,2.0,132148.0,332950.0,465098.0,539292.0,0.9963630987581313,0.9964343020146194,0.9963986127990041,-7.120325648801717e-05,243.0,368.0,543.0,1077.0,10004.0,45,d,29
19778.0,10.0,19788.0,185497.0,1.0,1.0,1.0,0.0,0.0,23236.0,214460.0,237696.0,-34631.0,0.9824587264150944,0.9821002386634845,0.9822805456702254,0.00035848775160984836,239.0,90107.0,132600.0,222707.0,372833.0,1.0,0.9998497370398197,0.999925028114457,0.00015026296018028074,1.0,133121.0,347070.0,480191.0,523699.0,0.9964827239677239,0.9963420074349443,0.9964125826440156,0.0001407165327795834,240.0,369.0,563.0,1192.0,10080.0,45,d,30
